"","Site","Overal_Indep","Dep","Spec_Indep","Estimate","STDError","Pr(>|z|)"
"1","PuyallupValley","Ecoregion_Dist_Slope_Aspect_MSP","PercDead","CSCD","45.8603477007859","64243.0147612328","0.999430424297307"
"2","PuyallupValley","Ecoregion_Dist_Slope_Aspect_MSP","PercDead","CSCO","362.743995944663","63870.9266290407","0.995468575559085"
"3","PuyallupValley","Ecoregion_Dist_Slope_Aspect_MSP","PercDead","KLMT","59.8878683744623","39246.1151625056","0.998782463262589"
"4","PuyallupValley","Ecoregion_Dist_Slope_Aspect_MSP","PercDead","PULO","-20.1445255421282","45887.6251998941","0.999649731156745"
"5","PuyallupValley","Ecoregion_Dist_Slope_Aspect_MSP","PercDead","SRNA","138.885989110974","77820.789328008","0.998576024111887"
"6","PuyallupValley","Ecoregion_Dist_Slope_Aspect_MSP","PercDead","WIVA","53.2774654180456","39246.1242347074","0.998916854724684"
"7","PuyallupValley","Ecoregion_Dist_Slope_Aspect_MSP","PercDead","Dist","29.8924525156721","61.3661351543073","0.626175825597927"
"8","PuyallupValley","Ecoregion_Dist_Slope_Aspect_MSP","PercDead","Slope","-286.783468233776","288.278443832805","0.319826674452639"
"9","PuyallupValley","Ecoregion_Dist_Slope_Aspect_MSP","PercDead","Aspect","12.5660927099534","14.9044446359999","0.3991666866475"
"10","PuyallupValley","Ecoregion_Dist_Slope_Aspect_MSP","PercDead","MSP","-85.3175078286172","91.267613764786","0.349888315848949"
"11","PuyallupValley","Ecoregion_Dist_Slope_ElevDist_MSP","PercDead","CSCD","109.980333018642","40233.2517525777","0.997818930943948"
"12","PuyallupValley","Ecoregion_Dist_Slope_ElevDist_MSP","PercDead","CSCO","787.303747490745","35686.498300756","0.98239876197051"
"13","PuyallupValley","Ecoregion_Dist_Slope_ElevDist_MSP","PercDead","KLMT","166.590283880087","17518.8752798019","0.992412879811799"
"14","PuyallupValley","Ecoregion_Dist_Slope_ElevDist_MSP","PercDead","PULO","36.9897096952535","28775.9795724538","0.99897436992293"
"15","PuyallupValley","Ecoregion_Dist_Slope_ElevDist_MSP","PercDead","SRNA","366.920922279539","40141.6094514352","0.992706907714966"
"16","PuyallupValley","Ecoregion_Dist_Slope_ElevDist_MSP","PercDead","WIVA","100.817709736875","17518.577172643","0.995408277210817"
"17","PuyallupValley","Ecoregion_Dist_Slope_ElevDist_MSP","PercDead","Dist","39.0593374870462","41.0866704224298","0.341778441094299"
"18","PuyallupValley","Ecoregion_Dist_Slope_ElevDist_MSP","PercDead","Slope","-553.630372908666","468.466767255123","0.23728816232145"
"19","PuyallupValley","Ecoregion_Dist_Slope_ElevDist_MSP","PercDead","ElevDist","-21.995718278177","19.0926330453771","0.249299443432342"
"20","PuyallupValley","Ecoregion_Dist_Slope_ElevDist_MSP","PercDead","MSP","-162.234800319139","135.656072531325","0.231724931248498"
"21","PuyallupValley","Ecoregion_Dist_Slope_eFFP_MSP","PercDead","CSCD","55.8277498909202","42604.555628429","0.99895447596395"
"22","PuyallupValley","Ecoregion_Dist_Slope_eFFP_MSP","PercDead","CSCO","371.92647667033","38336.7606932585","0.99225939455797"
"23","PuyallupValley","Ecoregion_Dist_Slope_eFFP_MSP","PercDead","KLMT","60.7646264867923","23082.923099166","0.997899611712425"
"24","PuyallupValley","Ecoregion_Dist_Slope_eFFP_MSP","PercDead","PULO","10.8757261311905","29704.1498973042","0.999707866617839"
"25","PuyallupValley","Ecoregion_Dist_Slope_eFFP_MSP","PercDead","SRNA","127.691318060622","43252.8512348634","0.997644483997544"
"26","PuyallupValley","Ecoregion_Dist_Slope_eFFP_MSP","PercDead","WIVA","60.7178610421717","23083.1084382383","0.997901245053111"
"27","PuyallupValley","Ecoregion_Dist_Slope_eFFP_MSP","PercDead","Dist","49.7659476935815","192.69818371849","0.796207396989271"
"28","PuyallupValley","Ecoregion_Dist_Slope_eFFP_MSP","PercDead","Slope","-304.404645005527","330.74292214635","0.357381364454027"
"29","PuyallupValley","Ecoregion_Dist_Slope_eFFP_MSP","PercDead","eFFP","-18.8990801313336","47.4147080602812","0.690194528434569"
"30","PuyallupValley","Ecoregion_Dist_Slope_eFFP_MSP","PercDead","MSP","-87.3343070945559","108.820899965864","0.422234379265017"
"31","PuyallupValley","Ecoregion_Slope_Aspect_eFFP_MSP","PercDead","CSCD","49.7427563290072","128275.109705597","0.999690594875474"
"32","PuyallupValley","Ecoregion_Slope_Aspect_eFFP_MSP","PercDead","CSCO","704.391133944592","84657.4749795471","0.993361291180779"
"33","PuyallupValley","Ecoregion_Slope_Aspect_eFFP_MSP","PercDead","KLMT","86.1360845331152","20714.80878602","0.996682254968703"
"34","PuyallupValley","Ecoregion_Slope_Aspect_eFFP_MSP","PercDead","PULO","-143.665691925388","27547.3419904052","0.995838868304497"
"35","PuyallupValley","Ecoregion_Slope_Aspect_eFFP_MSP","PercDead","SRNA","307.797550717596","101606.024207571","0.997582952980699"
"36","PuyallupValley","Ecoregion_Slope_Aspect_eFFP_MSP","PercDead","WIVA","63.7014082196333","20714.7729304797","0.997546374745087"
"37","PuyallupValley","Ecoregion_Slope_Aspect_eFFP_MSP","PercDead","Slope","-532.588462364053","460.278079007768","0.247230887946022"
"38","PuyallupValley","Ecoregion_Slope_Aspect_eFFP_MSP","PercDead","Aspect","71.2490341952621","76.7702548801417","0.353365424321357"
"39","PuyallupValley","Ecoregion_Slope_Aspect_eFFP_MSP","PercDead","eFFP","71.780625904334","84.8537771378695","0.39759001898585"
"40","PuyallupValley","Ecoregion_Slope_Aspect_eFFP_MSP","PercDead","MSP","-175.234655892183","149.97065315267","0.242621408759418"
"41","PuyallupValley","Ecoregion_Slope_Aspect_MSP","PercDead","CSCD","13.4634567457994","88385.1060238556","0.99987846047016"
"42","PuyallupValley","Ecoregion_Slope_Aspect_MSP","PercDead","CSCO","301.142744242633","64677.9666125889","0.996285036610319"
"43","PuyallupValley","Ecoregion_Slope_Aspect_MSP","PercDead","KLMT","57.4754358649041","38559.8304131622","0.998810711939612"
"44","PuyallupValley","Ecoregion_Slope_Aspect_MSP","PercDead","PULO","-33.9875148246563","43682.358176617","0.999379197650161"
"45","PuyallupValley","Ecoregion_Slope_Aspect_MSP","PercDead","SRNA","134.097569030441","86350.7752710524","0.998760933684385"
"46","PuyallupValley","Ecoregion_Slope_Aspect_MSP","PercDead","WIVA","34.8786155293518","38559.7859323664","0.999278286837821"
"47","PuyallupValley","Ecoregion_Slope_Aspect_MSP","PercDead","Slope","-223.020685080597","322.4693302939","0.489186815795319"
"48","PuyallupValley","Ecoregion_Slope_Aspect_MSP","PercDead","Aspect","8.57245536979307","15.6239061298939","0.583228124687666"
"49","PuyallupValley","Ecoregion_Slope_Aspect_MSP","PercDead","MSP","-74.254877420737","91.0609682029434","0.41481973234319"
"50","PuyallupValley","Ecoregion_Slope_Aspect_MSP_DD.5.sp","PercDead","CSCD","60.232479716405","67993.0467272031","0.99929318420556"
"51","PuyallupValley","Ecoregion_Slope_Aspect_MSP_DD.5.sp","PercDead","CSCO","736.489920125378","48970.9602688434","0.988000811459913"
"52","PuyallupValley","Ecoregion_Slope_Aspect_MSP_DD.5.sp","PercDead","KLMT","107.720414337627","16380.1835095843","0.994752938150462"
"53","PuyallupValley","Ecoregion_Slope_Aspect_MSP_DD.5.sp","PercDead","PULO","-24.0601266986355","28655.2706091053","0.999330063860502"
"54","PuyallupValley","Ecoregion_Slope_Aspect_MSP_DD.5.sp","PercDead","SRNA","304.546974927863","64216.0410916305","0.996216016834435"
"55","PuyallupValley","Ecoregion_Slope_Aspect_MSP_DD.5.sp","PercDead","WIVA","58.7036064701325","16379.988313359","0.997140498509304"
"56","PuyallupValley","Ecoregion_Slope_Aspect_MSP_DD.5.sp","PercDead","Slope","-567.077909106386","542.677112975133","0.29603972543924"
"57","PuyallupValley","Ecoregion_Slope_Aspect_MSP_DD.5.sp","PercDead","Aspect","6.20799763500944","16.6464525205487","0.709198929383275"
"58","PuyallupValley","Ecoregion_Slope_Aspect_MSP_DD.5.sp","PercDead","MSP","-191.004703428087","177.84864800006","0.282834638330225"
"59","PuyallupValley","Ecoregion_Slope_Aspect_MSP_DD.5.sp","PercDead","DD.5.sp","-27.048034778208","39.6371557969382","0.49499180261094"
"60","PuyallupValley","Ecoregion_Slope_eFFP_MSP_DD.5.sp","PercDead","CSCD","79.603853489788","112985.926360116","0.999437853169227"
"61","PuyallupValley","Ecoregion_Slope_eFFP_MSP_DD.5.sp","PercDead","CSCO","889.72168660037","79779.2491682049","0.991101940799809"
"62","PuyallupValley","Ecoregion_Slope_eFFP_MSP_DD.5.sp","PercDead","KLMT","130.435839796723","11652.0912310142","0.991068507174763"
"63","PuyallupValley","Ecoregion_Slope_eFFP_MSP_DD.5.sp","PercDead","PULO","-0.754039280529194","59358.4982461338","0.999989864361163"
"64","PuyallupValley","Ecoregion_Slope_eFFP_MSP_DD.5.sp","PercDead","SRNA","365.398742040894","86224.4698729714","0.996618765617051"
"65","PuyallupValley","Ecoregion_Slope_eFFP_MSP_DD.5.sp","PercDead","WIVA","72.9121707313452","11651.8170949265","0.995007206585586"
"66","PuyallupValley","Ecoregion_Slope_eFFP_MSP_DD.5.sp","PercDead","Slope","-678.914036096489","537.888250533837","0.206882522811471"
"67","PuyallupValley","Ecoregion_Slope_eFFP_MSP_DD.5.sp","PercDead","eFFP","-3.35113098105886","7.44596287554298","0.652667087935853"
"68","PuyallupValley","Ecoregion_Slope_eFFP_MSP_DD.5.sp","PercDead","MSP","-224.192265511787","175.162464222491","0.200576637800641"
"69","PuyallupValley","Ecoregion_Slope_eFFP_MSP_DD.5.sp","PercDead","DD.5.sp","-38.226785180784","35.1568550236702","0.276894990811515"
"70","PuyallupValley","Ecoregion_Slope_MSP_DD.5.sp","PercDead","CSCD","107.189742552915","52891.255041765","0.998383003351913"
"71","PuyallupValley","Ecoregion_Slope_MSP_DD.5.sp","PercDead","CSCO","1063.40156528792","35673.5442451056","0.976219182362043"
"72","PuyallupValley","Ecoregion_Slope_MSP_DD.5.sp","PercDead","KLMT","158.102178360109","20963.3811477609","0.993982550314493"
"73","PuyallupValley","Ecoregion_Slope_MSP_DD.5.sp","PercDead","PULO","20.1930467588633","27768.7129912158","0.999419788780647"
"74","PuyallupValley","Ecoregion_Slope_MSP_DD.5.sp","PercDead","SRNA","436.008997858666","47350.4189885025","0.992653075958367"
"75","PuyallupValley","Ecoregion_Slope_MSP_DD.5.sp","PercDead","WIVA","91.1651754057076","20963.2205627378","0.9965301583101"
"76","PuyallupValley","Ecoregion_Slope_MSP_DD.5.sp","PercDead","Slope","-803.997868594236","550.373779202195","0.144064424499123"
"77","PuyallupValley","Ecoregion_Slope_MSP_DD.5.sp","PercDead","MSP","-260.47669781262","177.947666067307","0.143253357333197"
"78","PuyallupValley","Ecoregion_Slope_MSP_DD.5.sp","PercDead","DD.5.sp","-51.05946156849","38.003027140906","0.179089737393384"
"79","PuyallupValley","Dist","PercDead","Dist","-0.00116910270069988","0.00180045066932228","0.516119331758097"
"80","PuyallupValley","Dist_Slope","PercDead","Dist","0.275340741097549","0.999443698413273","0.782936735738967"
"81","PuyallupValley","Dist_Slope","PercDead","Slope","-1.31071820342572","1.62533914363557","0.419996388266231"
"82","PuyallupValley","Dist_Slope_ElevDist_MSP_DD.5.sp","PercDead","Dist","-2.05928386147847","3.16438183592223","0.515195153500421"
"83","PuyallupValley","Dist_Slope_ElevDist_MSP_DD.5.sp","PercDead","Slope","-35.4598510212843","36.6184358690015","0.332864302760012"
"84","PuyallupValley","Dist_Slope_ElevDist_MSP_DD.5.sp","PercDead","ElevDist","2.57164583070407","2.39816725537974","0.283568253574225"
"85","PuyallupValley","Dist_Slope_ElevDist_MSP_DD.5.sp","PercDead","MSP","-14.6474191215413","15.7630438466258","0.352772339344569"
"86","PuyallupValley","Dist_Slope_ElevDist_MSP_DD.5.sp","PercDead","DD.5.sp","-7.34991922392501","7.62707873940652","0.335215854139115"
"87","PuyallupValley","Dist_Slope_MSP","PercDead","Dist","1.69578442419273","1.35452938421213","0.210593098112332"
"88","PuyallupValley","Dist_Slope_MSP","PercDead","Slope","-9.70074958426112","6.7351435156402","0.149777403006665"
"89","PuyallupValley","Dist_Slope_MSP","PercDead","MSP","-4.01007245111074","3.25178728768329","0.21750478378395"
"90","PuyallupValley","Slope","PercDead","Slope","-0.00586845689500383","0.00711488439430739","0.409477146221387"
"91","PuyallupValley","Slope_Aspect","PercDead","Slope","-0.953385078065357","1.33810003295171","0.476160390576374"
"92","PuyallupValley","Slope_Aspect","PercDead","Aspect","-0.0712855319250049","0.684356526222368","0.917038948724511"
"93","PuyallupValley","Slope_Aspect_ElevDist_eFFP_MSP_DD.5.sp","PercDead","Slope","-58.4527130358729","44.5033542179161","0.189033005000863"
"94","PuyallupValley","Slope_Aspect_ElevDist_eFFP_MSP_DD.5.sp","PercDead","Aspect","-2.12693185801637","2.72960702031745","0.43585714848492"
"95","PuyallupValley","Slope_Aspect_ElevDist_eFFP_MSP_DD.5.sp","PercDead","ElevDist","4.23439871893683","2.50123936569063","0.0904706523244314"
"96","PuyallupValley","Slope_Aspect_ElevDist_eFFP_MSP_DD.5.sp","PercDead","eFFP","-5.833035708572","4.49240026870879","0.194142029497277"
"97","PuyallupValley","Slope_Aspect_ElevDist_eFFP_MSP_DD.5.sp","PercDead","MSP","-21.8770619671982","17.9078160557328","0.221840466471352"
"98","PuyallupValley","Slope_Aspect_ElevDist_eFFP_MSP_DD.5.sp","PercDead","DD.5.sp","-10.9657838639424","7.4964524453154","0.143523090639551"
"99","PuyallupValley","Slope_Aspect_ElevDist_MSP_DD.5.sp","PercDead","Slope","-25.7484247390951","18.3371610699347","0.16026931618808"
"100","PuyallupValley","Slope_Aspect_ElevDist_MSP_DD.5.sp","PercDead","Aspect","0.650215405133162","1.06128147509207","0.540094510607107"
"101","PuyallupValley","Slope_Aspect_ElevDist_MSP_DD.5.sp","PercDead","ElevDist","1.92219885682811","1.36612080355415","0.1594128710899"
"102","PuyallupValley","Slope_Aspect_ElevDist_MSP_DD.5.sp","PercDead","MSP","-9.42717021514646","7.83166610716387","0.228695988377236"
"103","PuyallupValley","Slope_Aspect_ElevDist_MSP_DD.5.sp","PercDead","DD.5.sp","-4.90683809928251","3.66524748135584","0.180653136208452"
"104","PuyallupValley","Slope_Aspect_MSP","PercDead","Slope","-5.85515697158057","4.85785319585324","0.228088580891284"
"105","PuyallupValley","Slope_Aspect_MSP","PercDead","Aspect","-0.76188466468465","0.885516268001781","0.389577006889151"
"106","PuyallupValley","Slope_Aspect_MSP","PercDead","MSP","-3.46507993805309","2.82779290959438","0.220437530903442"
"107","PuyallupValley","Slope_ElevDist","PercDead","Slope","-1.06991466761544","1.23514666198414","0.386366896981806"
"108","PuyallupValley","Slope_ElevDist","PercDead","ElevDist","0.189630553747943","0.531747110952316","0.721377853085667"
"109","PuyallupValley","Slope_ElevDist_eFFP_MSP_DD.5.sp","PercDead","Slope","-42.4864867728748","30.0498698863568","0.157401275539769"
"110","PuyallupValley","Slope_ElevDist_eFFP_MSP_DD.5.sp","PercDead","ElevDist","3.58119816623313","2.32473041443084","0.123443660627449"
"111","PuyallupValley","Slope_ElevDist_eFFP_MSP_DD.5.sp","PercDead","eFFP","-2.67688478656882","2.28893262521958","0.242206097126732"
"112","PuyallupValley","Slope_ElevDist_eFFP_MSP_DD.5.sp","PercDead","MSP","-14.7042573013444","11.3349487375378","0.194545332175208"
"113","PuyallupValley","Slope_ElevDist_eFFP_MSP_DD.5.sp","PercDead","DD.5.sp","-8.73681580334092","6.07254368025585","0.150224000568268"
"114","PuyallupValley","Slope_ElevDist_MSP","PercDead","Slope","-6.68396174678782","5.37586773655241","0.21374734206164"
"115","PuyallupValley","Slope_ElevDist_MSP","PercDead","ElevDist","0.573858271408043","0.548414320906195","0.295378474680308"
"116","PuyallupValley","Slope_ElevDist_MSP","PercDead","MSP","-3.10833416092559","2.50896971387136","0.215386728782832"
"117","PuyallupValley","Slope_ElevDist_MSP_DD.5.sp","PercDead","Slope","-22.3736965498464","17.6079821620383","0.203850886103147"
"118","PuyallupValley","Slope_ElevDist_MSP_DD.5.sp","PercDead","ElevDist","1.33909842282903","0.825242948046701","0.104659592401683"
"119","PuyallupValley","Slope_ElevDist_MSP_DD.5.sp","PercDead","MSP","-9.02817786305313","7.94996380214749","0.256113529760109"
"120","PuyallupValley","Slope_ElevDist_MSP_DD.5.sp","PercDead","DD.5.sp","-3.713538089462","2.82217527170078","0.188226920256982"
"121","PuyallupValley","Slope_eFFP","PercDead","Slope","-1.10034757798986","1.3298214942404","0.407987682199599"
"122","PuyallupValley","Slope_eFFP","PercDead","eFFP","-0.119686135569655","0.55614989576968","0.829607636857921"
"123","PuyallupValley","Slope_eFFP_MSP","PercDead","Slope","-6.53739356909779","5.10644370407718","0.200466244686106"
"124","PuyallupValley","Slope_eFFP_MSP","PercDead","eFFP","0.973315816597976","0.961761731904207","0.311531618475947"
"125","PuyallupValley","Slope_eFFP_MSP","PercDead","MSP","-3.71573461205596","2.8097459316254","0.186019994365172"
"126","PuyallupValley","Slope_MSP","PercDead","Slope","-4.6348700338765","3.94212289537024","0.239703001224254"
"127","PuyallupValley","Slope_MSP","PercDead","MSP","-2.50398844654167","2.30225197386959","0.276760374287377"
"128","PuyallupValley","Slope_MSP_DD.5.sp","PercDead","Slope","-10.013041948512","8.61705399736102","0.245234276865568"
"129","PuyallupValley","Slope_MSP_DD.5.sp","PercDead","MSP","-4.67611841309634","4.21328210478572","0.267062925739884"
"130","PuyallupValley","Slope_MSP_DD.5.sp","PercDead","DD.5.sp","-1.65488855976659","1.83636118900839","0.367493612029439"
"131","PuyallupValley","Slope_DD.5.sp","PercDead","Slope","-1.22230691011789","1.60226640593105","0.445546164139584"
"132","PuyallupValley","Slope_DD.5.sp","PercDead","DD.5.sp","-0.200501317220065","0.98667837425016","0.83897216064995"
"133","PuyallupValley","Aspect","PercDead","Aspect","-0.0662748607067917","0.0983160522930996","0.500247675788681"
"134","PuyallupValley","Aspect_eFFP","PercDead","Aspect","-1.62980521302915","1.84154908709972","0.376146594356591"
"135","PuyallupValley","Aspect_eFFP","PercDead","eFFP","-1.23520582447237","1.87629987728268","0.510332498574519"
"136","PuyallupValley","ElevDist","PercDead","ElevDist","0.000430205356873805","0.00185968261032973","0.817056362389023"
"137","PuyallupValley","eFFP","PercDead","eFFP","0.000175653811146306","0.000991624197976259","0.859400402932676"
"138","PuyallupValley","MSP","PercDead","MSP","0.00163026800865643","0.00627576496839982","0.795039651495452"
"139","PuyallupValley","DD.5.sp","PercDead","DD.5.sp","0.00076081813512064","0.00127065417391568","0.549332287922808"
"140","PuyallupHill","Ecoregion_Dist_Slope_ElevDist_eFFP_DD.5.sp","PercDead","CSCD","1974.54469564603","5479416.30121429","0.9997124769124"
"141","PuyallupHill","Ecoregion_Dist_Slope_ElevDist_eFFP_DD.5.sp","PercDead","CSCO","423.222106553978","1773.52472499058","0.81138991997612"
"142","PuyallupHill","Ecoregion_Dist_Slope_ElevDist_eFFP_DD.5.sp","PercDead","KLMT","727.926572695074","1199587.17837598","0.999515832322505"
"143","PuyallupHill","Ecoregion_Dist_Slope_ElevDist_eFFP_DD.5.sp","PercDead","PULO","2121.04108315159","2170.37633875604","0.328436094300314"
"144","PuyallupHill","Ecoregion_Dist_Slope_ElevDist_eFFP_DD.5.sp","PercDead","SRNA","161.366056631885","29254.4526985889","0.995598932112604"
"145","PuyallupHill","Ecoregion_Dist_Slope_ElevDist_eFFP_DD.5.sp","PercDead","WIVA","1863.07034853405","2071.98958574132","0.368562252701376"
"146","PuyallupHill","Ecoregion_Dist_Slope_ElevDist_eFFP_DD.5.sp","PercDead","Dist","-45.3748544828812","153.298450082896","0.767237487893313"
"147","PuyallupHill","Ecoregion_Dist_Slope_ElevDist_eFFP_DD.5.sp","PercDead","Slope","64.497254049385","70.3959649597075","0.359558497261355"
"148","PuyallupHill","Ecoregion_Dist_Slope_ElevDist_eFFP_DD.5.sp","PercDead","ElevDist","302.235556686525","161.216139867992","0.0608308825999082"
"149","PuyallupHill","Ecoregion_Dist_Slope_ElevDist_eFFP_DD.5.sp","PercDead","eFFP","-14.5602859023524","44.8598926407868","0.745504670145472"
"150","PuyallupHill","Ecoregion_Dist_Slope_ElevDist_eFFP_DD.5.sp","PercDead","DD.5.sp","-790.202623499936","515.953283055987","0.125636212228821"
"151","PuyallupHill","Ecoregion_Dist_Slope_ElevDist_DD.5.sp","PercDead","CSCD","1916.9961187092","2048.35700193483","0.349340061808679"
"152","PuyallupHill","Ecoregion_Dist_Slope_ElevDist_DD.5.sp","PercDead","CSCO","378.142314735251","698.402317519946","0.588204970528304"
"153","PuyallupHill","Ecoregion_Dist_Slope_ElevDist_DD.5.sp","PercDead","KLMT","649.86361041686","2048.5071585863","0.751063278650008"
"154","PuyallupHill","Ecoregion_Dist_Slope_ElevDist_DD.5.sp","PercDead","PULO","1964.04636214654","692.845513278956","0.00458610321537499"
"155","PuyallupHill","Ecoregion_Dist_Slope_ElevDist_DD.5.sp","PercDead","SRNA","139.242399046822","931.788388969016","0.881209886731421"
"156","PuyallupHill","Ecoregion_Dist_Slope_ElevDist_DD.5.sp","PercDead","WIVA","1740.91578488296","652.929810885626","0.00766880675944885"
"157","PuyallupHill","Ecoregion_Dist_Slope_ElevDist_DD.5.sp","PercDead","Dist","-140.715090180747","325.03848097872","0.665074161538258"
"158","PuyallupHill","Ecoregion_Dist_Slope_ElevDist_DD.5.sp","PercDead","Slope","86.5813396589923","55.4778415897638","0.118607009111931"
"159","PuyallupHill","Ecoregion_Dist_Slope_ElevDist_DD.5.sp","PercDead","ElevDist","313.600274013678","152.965741286505","0.0403513519029661"
"160","PuyallupHill","Ecoregion_Dist_Slope_ElevDist_DD.5.sp","PercDead","DD.5.sp","-829.047302963609","612.477238895023","0.175865010708943"
"161","PuyallupHill","Ecoregion_Dist_Aspect_ElevDist_eFFP_DD.5.sp","PercDead","CSCD","4819.47089155492","933.012627935124","2.39805051117361e-07"
"162","PuyallupHill","Ecoregion_Dist_Aspect_ElevDist_eFFP_DD.5.sp","PercDead","CSCO","730.696019213385","1525.43211016656","0.631932081648385"
"163","PuyallupHill","Ecoregion_Dist_Aspect_ElevDist_eFFP_DD.5.sp","PercDead","KLMT","1244.7917831549","1031.38528072266","0.227465844895319"
"164","PuyallupHill","Ecoregion_Dist_Aspect_ElevDist_eFFP_DD.5.sp","PercDead","PULO","4173.56263787238","650.738474162786","1.42142365923505e-10"
"165","PuyallupHill","Ecoregion_Dist_Aspect_ElevDist_eFFP_DD.5.sp","PercDead","SRNA","169.412317509582","708.77344608747","0.811088664831019"
"166","PuyallupHill","Ecoregion_Dist_Aspect_ElevDist_eFFP_DD.5.sp","PercDead","WIVA","3602.56081392937","314.100900888567","1.87875406286613e-30"
"167","PuyallupHill","Ecoregion_Dist_Aspect_ElevDist_eFFP_DD.5.sp","PercDead","Dist","-375.606668708605","940.454326902192","0.689606946034314"
"168","PuyallupHill","Ecoregion_Dist_Aspect_ElevDist_eFFP_DD.5.sp","PercDead","Aspect","-913.357846061396","159.07968384544","9.38351437178873e-09"
"169","PuyallupHill","Ecoregion_Dist_Aspect_ElevDist_eFFP_DD.5.sp","PercDead","ElevDist","567.185358224869","84.5118428961605","1.92881987286589e-11"
"170","PuyallupHill","Ecoregion_Dist_Aspect_ElevDist_eFFP_DD.5.sp","PercDead","eFFP","-1303.95373908796","277.500205646038","2.61529460972434e-06"
"171","PuyallupHill","Ecoregion_Dist_Aspect_ElevDist_eFFP_DD.5.sp","PercDead","DD.5.sp","-2425.79374964423","268.770619836661","1.78849143657116e-19"
"172","PuyallupHill","Ecoregion_Dist_Aspect_ElevDist_DD.5.sp","PercDead","CSCD","2840.45462573226","5479416.32146352","0.999586387553515"
"173","PuyallupHill","Ecoregion_Dist_Aspect_ElevDist_DD.5.sp","PercDead","CSCO","553.125117642205","1636.2667561578","0.735332352198517"
"174","PuyallupHill","Ecoregion_Dist_Aspect_ElevDist_DD.5.sp","PercDead","KLMT","908.43772668253","3512638.97839588","0.999793651316589"
"175","PuyallupHill","Ecoregion_Dist_Aspect_ElevDist_DD.5.sp","PercDead","PULO","2884.49386709598","2169.32947120731","0.183626787990575"
"176","PuyallupHill","Ecoregion_Dist_Aspect_ElevDist_DD.5.sp","PercDead","SRNA","190.874451352767","67821.40214397","0.997754461395305"
"177","PuyallupHill","Ecoregion_Dist_Aspect_ElevDist_DD.5.sp","PercDead","WIVA","2499.24633237979","2044.06655652311","0.221449283417513"
"178","PuyallupHill","Ecoregion_Dist_Aspect_ElevDist_DD.5.sp","PercDead","Dist","-46.3487003555756","65.7136466495749","0.480615367021243"
"179","PuyallupHill","Ecoregion_Dist_Aspect_ElevDist_DD.5.sp","PercDead","Aspect","39.8395998914455","23.0487694374087","0.0839001604736028"
"180","PuyallupHill","Ecoregion_Dist_Aspect_ElevDist_DD.5.sp","PercDead","ElevDist","379.351025492009","190.085806209415","0.0459684309176794"
"181","PuyallupHill","Ecoregion_Dist_Aspect_ElevDist_DD.5.sp","PercDead","DD.5.sp","-1169.89999947633","585.317925429641","0.0456361876535526"
"182","PuyallupHill","Ecoregion_Dist_ElevDist_eFFP_MSP_DD.5.sp","PercDead","CSCD","2741.80136966925","5479416.35287997","0.999600752936176"
"183","PuyallupHill","Ecoregion_Dist_ElevDist_eFFP_MSP_DD.5.sp","PercDead","CSCO","464.879611048638","1704.76778523902","0.7850885985169"
"184","PuyallupHill","Ecoregion_Dist_ElevDist_eFFP_MSP_DD.5.sp","PercDead","KLMT","869.434306710591","3362077.23381794","0.999793666785746"
"185","PuyallupHill","Ecoregion_Dist_ElevDist_eFFP_MSP_DD.5.sp","PercDead","PULO","2624.80533020111","2152.34552998469","0.222650958884266"
"186","PuyallupHill","Ecoregion_Dist_ElevDist_eFFP_MSP_DD.5.sp","PercDead","SRNA","221.366994858181","29253.5211759472","0.99396231240826"
"187","PuyallupHill","Ecoregion_Dist_ElevDist_eFFP_MSP_DD.5.sp","PercDead","WIVA","2318.13949162114","2052.21514296296","0.25865358941648"
"188","PuyallupHill","Ecoregion_Dist_ElevDist_eFFP_MSP_DD.5.sp","PercDead","Dist","-81.9169957070147","489.931958289284","0.86721208655188"
"189","PuyallupHill","Ecoregion_Dist_ElevDist_eFFP_MSP_DD.5.sp","PercDead","ElevDist","338.210081878981","177.610359022668","0.0568808900866475"
"190","PuyallupHill","Ecoregion_Dist_ElevDist_eFFP_MSP_DD.5.sp","PercDead","eFFP","-50.7246637194427","37.7108212706667","0.178594330084613"
"191","PuyallupHill","Ecoregion_Dist_ElevDist_eFFP_MSP_DD.5.sp","PercDead","MSP","-186.849940832036","553.191245409922","0.735538516474363"
"192","PuyallupHill","Ecoregion_Dist_ElevDist_eFFP_MSP_DD.5.sp","PercDead","DD.5.sp","-983.959267258967","541.091047479371","0.0689919242961207"
"193","PuyallupHill","Ecoregion_Dist_ElevDist_eFFP_DD.5.sp","PercDead","CSCD","2779.95376396105","5479416.29176412","0.999595197376007"
"194","PuyallupHill","Ecoregion_Dist_ElevDist_eFFP_DD.5.sp","PercDead","CSCO","551.607432508133","1563.41566048635","0.724221893170279"
"195","PuyallupHill","Ecoregion_Dist_ElevDist_eFFP_DD.5.sp","PercDead","KLMT","894.707555915543","3014369.92866928","0.999763176600182"
"196","PuyallupHill","Ecoregion_Dist_ElevDist_eFFP_DD.5.sp","PercDead","PULO","2817.4599688687","2093.50856197062","0.178364537501779"
"197","PuyallupHill","Ecoregion_Dist_ElevDist_eFFP_DD.5.sp","PercDead","SRNA","190.233747101972","221170.75473652","0.999313722326345"
"198","PuyallupHill","Ecoregion_Dist_ElevDist_eFFP_DD.5.sp","PercDead","WIVA","2442.14383495196","1969.31270569604","0.214938568872139"
"199","PuyallupHill","Ecoregion_Dist_ElevDist_eFFP_DD.5.sp","PercDead","Dist","-52.5323046522389","68.8848734755856","0.44569592120138"
"200","PuyallupHill","Ecoregion_Dist_ElevDist_eFFP_DD.5.sp","PercDead","ElevDist","373.928320652527","187.131442578313","0.0456936657584366"
"201","PuyallupHill","Ecoregion_Dist_ElevDist_eFFP_DD.5.sp","PercDead","eFFP","-49.4839737545104","29.878179747334","0.0976831360512841"
"202","PuyallupHill","Ecoregion_Dist_ElevDist_eFFP_DD.5.sp","PercDead","DD.5.sp","-1158.32744853242","582.449210714214","0.0467322965186587"
"203","PuyallupHill","Ecoregion_Slope_ElevDist_eFFP_MSP_DD.5.sp","PercDead","CSCD","2296.13018618858","5479416.40629735","0.999665649288959"
"204","PuyallupHill","Ecoregion_Slope_ElevDist_eFFP_MSP_DD.5.sp","PercDead","CSCO","476.562362059487","1977.2402532931","0.809536512612486"
"205","PuyallupHill","Ecoregion_Slope_ElevDist_eFFP_MSP_DD.5.sp","PercDead","KLMT","830.470344716944","1479438.40272796","0.999552114214263"
"206","PuyallupHill","Ecoregion_Slope_ElevDist_eFFP_MSP_DD.5.sp","PercDead","PULO","2426.42106543103","2374.30390289105","0.30680432823537"
"207","PuyallupHill","Ecoregion_Slope_ElevDist_eFFP_MSP_DD.5.sp","PercDead","SRNA","195.779973466428","31538.4360433398","0.995047033572786"
"208","PuyallupHill","Ecoregion_Slope_ElevDist_eFFP_MSP_DD.5.sp","PercDead","WIVA","2120.21225381962","2282.07347928913","0.352851392107922"
"209","PuyallupHill","Ecoregion_Slope_ElevDist_eFFP_MSP_DD.5.sp","PercDead","Slope","30.699505566864","100.105388640434","0.7590931520441"
"210","PuyallupHill","Ecoregion_Slope_ElevDist_eFFP_MSP_DD.5.sp","PercDead","ElevDist","314.811938687859","163.140123619003","0.0536436839726166"
"211","PuyallupHill","Ecoregion_Slope_ElevDist_eFFP_MSP_DD.5.sp","PercDead","eFFP","-35.5739449878767","46.7832924102381","0.447016424570768"
"212","PuyallupHill","Ecoregion_Slope_ElevDist_eFFP_MSP_DD.5.sp","PercDead","MSP","-37.9068368966128","145.908191949923","0.795018639770544"
"213","PuyallupHill","Ecoregion_Slope_ElevDist_eFFP_MSP_DD.5.sp","PercDead","DD.5.sp","-865.707072503236","494.073181141822","0.0797421914673115"
"214","PuyallupHill","Ecoregion_Aspect_ElevDist_eFFP_MSP_DD.5.sp","PercDead","CSCD","5610.82467832562","5479420.4454782","0.999182981184524"
"215","PuyallupHill","Ecoregion_Aspect_ElevDist_eFFP_MSP_DD.5.sp","PercDead","CSCO","790.789265149642","1082.68429735073","0.465147606681525"
"216","PuyallupHill","Ecoregion_Aspect_ElevDist_eFFP_MSP_DD.5.sp","PercDead","KLMT","1710.62747412403","3512641.65690182","0.999611436824403"
"217","PuyallupHill","Ecoregion_Aspect_ElevDist_eFFP_MSP_DD.5.sp","PercDead","PULO","5155.53669962751","5151.16908984324","0.316900354110352"
"218","PuyallupHill","Ecoregion_Aspect_ElevDist_eFFP_MSP_DD.5.sp","PercDead","SRNA","405.833664835302","19574.0654005725","0.983458458362849"
"219","PuyallupHill","Ecoregion_Aspect_ElevDist_eFFP_MSP_DD.5.sp","PercDead","WIVA","4433.63538101748","4417.84888406406","0.3155843079119"
"220","PuyallupHill","Ecoregion_Aspect_ElevDist_eFFP_MSP_DD.5.sp","PercDead","Aspect","-862.349057523861","1033.91721451945","0.404247138322464"
"221","PuyallupHill","Ecoregion_Aspect_ElevDist_eFFP_MSP_DD.5.sp","PercDead","ElevDist","533.386571165344","467.330768779183","0.253725550569274"
"222","PuyallupHill","Ecoregion_Aspect_ElevDist_eFFP_MSP_DD.5.sp","PercDead","eFFP","-1312.0202063312","1551.92096444124","0.397878113587404"
"223","PuyallupHill","Ecoregion_Aspect_ElevDist_eFFP_MSP_DD.5.sp","PercDead","MSP","-113.905015948902","293.997241681985","0.698433706879274"
"224","PuyallupHill","Ecoregion_Aspect_ElevDist_eFFP_MSP_DD.5.sp","PercDead","DD.5.sp","-2280.7458505374","2395.49441019503","0.341047195694269"
"225","PuyallupHill","Ecoregion_Aspect_ElevDist_MSP_DD.5.sp","PercDead","CSCD","2699.85342821522","5479416.37031075","0.999606861181181"
"226","PuyallupHill","Ecoregion_Aspect_ElevDist_MSP_DD.5.sp","PercDead","CSCO","514.610477228126","1859.57182580426","0.781982823487438"
"227","PuyallupHill","Ecoregion_Aspect_ElevDist_MSP_DD.5.sp","PercDead","KLMT","910.925247687872","3512639.08475175","0.999793086290537"
"228","PuyallupHill","Ecoregion_Aspect_ElevDist_MSP_DD.5.sp","PercDead","PULO","2752.78175836027","2309.50074894154","0.233285547450934"
"229","PuyallupHill","Ecoregion_Aspect_ElevDist_MSP_DD.5.sp","PercDead","SRNA","218.288135176725","75290.5503319029","0.99768671515759"
"230","PuyallupHill","Ecoregion_Aspect_ElevDist_MSP_DD.5.sp","PercDead","WIVA","2401.81072717109","2207.55519399222","0.27659697210966"
"231","PuyallupHill","Ecoregion_Aspect_ElevDist_MSP_DD.5.sp","PercDead","Aspect","41.6538328610669","25.8003694331225","0.10642627145917"
"232","PuyallupHill","Ecoregion_Aspect_ElevDist_MSP_DD.5.sp","PercDead","ElevDist","341.559921408372","172.182226353737","0.0472879726658282"
"233","PuyallupHill","Ecoregion_Aspect_ElevDist_MSP_DD.5.sp","PercDead","MSP","-87.4149595378327","92.1532286654797","0.34283288727197"
"234","PuyallupHill","Ecoregion_Aspect_ElevDist_MSP_DD.5.sp","PercDead","DD.5.sp","-989.868350771534","500.328490504356","0.0478794397431665"
"235","PuyallupHill","Ecoregion_ElevDist_eFFP_MSP_DD.5.sp","PercDead","CSCD","2623.78726475822","5479416.33582679","0.999617937542783"
"236","PuyallupHill","Ecoregion_ElevDist_eFFP_MSP_DD.5.sp","PercDead","CSCO","509.717131054019","1744.57719059305","0.770154889128486"
"237","PuyallupHill","Ecoregion_ElevDist_eFFP_MSP_DD.5.sp","PercDead","KLMT","896.34930066695","3512639.03408514","0.999796397166521"
"238","PuyallupHill","Ecoregion_ElevDist_eFFP_MSP_DD.5.sp","PercDead","PULO","2676.15526543616","2213.10390914413","0.2265738660079"
"239","PuyallupHill","Ecoregion_ElevDist_eFFP_MSP_DD.5.sp","PercDead","SRNA","221.600464877671","65218.8639348268","0.997288955392504"
"240","PuyallupHill","Ecoregion_ElevDist_eFFP_MSP_DD.5.sp","PercDead","WIVA","2338.15952980528","2109.13826610234","0.267609152718029"
"241","PuyallupHill","Ecoregion_ElevDist_eFFP_MSP_DD.5.sp","PercDead","ElevDist","332.130496305764","168.46305490486","0.0486629257751723"
"242","PuyallupHill","Ecoregion_ElevDist_eFFP_MSP_DD.5.sp","PercDead","eFFP","-52.3958109826854","37.4480586788086","0.161765127019876"
"243","PuyallupHill","Ecoregion_ElevDist_eFFP_MSP_DD.5.sp","PercDead","MSP","-97.4009977021909","115.201013873404","0.397838803437951"
"244","PuyallupHill","Ecoregion_ElevDist_eFFP_MSP_DD.5.sp","PercDead","DD.5.sp","-959.362436036083","494.936820504181","0.0525801296774691"
"245","Starker","Dist_Slope_ElevDist","PercDead","Dist","-299.423522335033","174921.167410987","0.998634211671019"
"246","Starker","Dist_Slope_ElevDist","PercDead","Slope","-299.491858509481","350617.322496901","0.99931845951241"
"247","Starker","Dist_Slope_ElevDist","PercDead","ElevDist","-1614.48458243045","775527.083942754","0.998338973044024"
"248","Starker","Dist_Slope_MSP","PercDead","Dist","-205.718882321804","138204.209324524","0.998812338204031"
"249","Starker","Dist_Slope_MSP","PercDead","Slope","-2597.30480148247","1294361.57275893","0.998398941954338"
"250","Starker","Dist_Slope_MSP","PercDead","MSP","-972.113833509596","503104.670354192","0.998458304638845"
"251","Starker","Dist_Aspect_ElevDist","PercDead","Dist","-302.382625379872","206626.9527974","0.99883235783685"
"252","Starker","Dist_Aspect_ElevDist","PercDead","Aspect","-61.5582767805542","98634.71347052","0.999502037429662"
"253","Starker","Dist_Aspect_ElevDist","PercDead","ElevDist","-1644.49893380658","813336.221347429","0.998386744151953"
"254","Starker","Dist_ElevDist_eFFP","PercDead","Dist","-300.325331246155","187443.35719544","0.998721614646254"
"255","Starker","Dist_ElevDist_eFFP","PercDead","ElevDist","-1712.82477557547","808753.409090842","0.998310195163573"
"256","Starker","Dist_ElevDist_eFFP","PercDead","eFFP","56.9482868414738","78477.6889672654","0.999421005441864"
"257","Starker","Dist_ElevDist_MSP","PercDead","Dist","-378.83823981043","1858.18352138154","0.838450730027592"
"258","Starker","Dist_ElevDist_MSP","PercDead","ElevDist","-1964.02245951932","1532.13898738286","0.199883798121011"
"259","Starker","Dist_ElevDist_MSP","PercDead","MSP","190.489478729054","1888.57692958287","0.919658397914655"
"260","Starker","Dist_ElevDist_DD.5.sp","PercDead","Dist","-273.238785775869","107032.111170587","0.997963108740025"
"261","Starker","Dist_ElevDist_DD.5.sp","PercDead","ElevDist","-2207.77628019884","850468.74496558","0.997928732079102"
"262","Starker","Dist_ElevDist_DD.5.sp","PercDead","DD.5.sp","-233.16441412037","95712.3897011943","0.998056279832453"
"263","Starker","Slope_ElevDist","PercDead","Slope","-2553.03907824389","2599.84590612676","0.326101667641572"
"264","Starker","Slope_ElevDist","PercDead","ElevDist","-2676.62106629573","2258.61856164803","0.235989777040666"
"265","Starker","Slope_ElevDist_MSP","PercDead","Slope","-2969.38823130195","1351890.79794161","0.998247471524073"
"266","Starker","Slope_ElevDist_MSP","PercDead","ElevDist","-740.24657401548","736302.388085253","0.99919784150825"
"267","Starker","Slope_ElevDist_MSP","PercDead","MSP","-776.19420697472","449064.563142755","0.998620881903443"
"268","Starker","Slope_ElevDist_DD.5.sp","PercDead","Slope","-294.926879351649","1961.21106164992","0.880464835649767"
"269","Starker","Slope_ElevDist_DD.5.sp","PercDead","ElevDist","-2372.52007082188","1438.96739003098","0.0991956451928691"
"270","Starker","Slope_ElevDist_DD.5.sp","PercDead","DD.5.sp","-506.427730919339","5820.04485695165","0.930660063284987"
"271","Starker","Slope_eFFP_MSP","PercDead","Slope","-4020.10506923632","2012.07273603351","0.0457175361083304"
"272","Starker","Slope_eFFP_MSP","PercDead","eFFP","441.321197011011","2577.36981454499","0.86404347945053"
"273","Starker","Slope_eFFP_MSP","PercDead","MSP","-1878.37196176914","2185.76590610883","0.390138859382049"
"274","Starker","Slope_MSP","PercDead","Slope","-5054.67902986513","1367478.75327752","0.997050746737988"
"275","Starker","Slope_MSP","PercDead","MSP","-1382.51606821885","396991.372239795","0.997221385467343"
"276","Starker","Slope_MSP_DD.5.sp","PercDead","Slope","-2718.07278330451","1734971.68143712","0.99875000413839"
"277","Starker","Slope_MSP_DD.5.sp","PercDead","MSP","-1259.2197326902","819941.065166381","0.998774653897557"
"278","Starker","Slope_MSP_DD.5.sp","PercDead","DD.5.sp","-479.027497152343","323372.912361589","0.998818056523037"
"279","Starker","Aspect_ElevDist","PercDead","Aspect","-531.464359432625","6427.80655371523","0.934104341125536"
"280","Starker","Aspect_ElevDist","PercDead","ElevDist","-2886.43305853574","6993.40634229357","0.679799784295682"
"281","Starker","Aspect_ElevDist_eFFP","PercDead","Aspect","-2169.65261434227","2503.26067005138","0.386089636913138"
"282","Starker","Aspect_ElevDist_eFFP","PercDead","ElevDist","-894.99102816491","2780.36118355342","0.747530425093207"
"283","Starker","Aspect_ElevDist_eFFP","PercDead","eFFP","-1511.27384657987","2211.0691747115","0.494288645933985"
"284","Starker","Aspect_ElevDist_MSP","PercDead","Aspect","-378.448087790361","278155.814867615","0.998914429334161"
"285","Starker","Aspect_ElevDist_MSP","PercDead","ElevDist","-1304.82679975587","819015.340958618","0.998728838563131"
"286","Starker","Aspect_ElevDist_MSP","PercDead","MSP","-455.524884949443","307083.740271109","0.998816426623085"
"287","Starker","Aspect_ElevDist_DD.5.sp","PercDead","Aspect","-259.59069831514","100906.37436015","0.997947372669342"
"288","Starker","Aspect_ElevDist_DD.5.sp","PercDead","ElevDist","-2605.15861849213","897354.169412287","0.997683620368497"
"289","Starker","Aspect_ElevDist_DD.5.sp","PercDead","DD.5.sp","-293.370489056739","131296.787883327","0.998217202470725"
"290","Starker","Aspect_eFFP_DD.5.sp","PercDead","Aspect","-3697.78256657518","1475.62107669129","0.0122134607944278"
"291","Starker","Aspect_eFFP_DD.5.sp","PercDead","eFFP","-2899.83370870718","2130.54179581115","0.173489020141852"
"292","Starker","Aspect_eFFP_DD.5.sp","PercDead","DD.5.sp","-693.2867829553","1673.65111197595","0.678701173983661"
"293","Starker","ElevDist_eFFP","PercDead","ElevDist","-3601.73819147703","921554.316999498","0.996881611939875"
"294","Starker","ElevDist_eFFP","PercDead","eFFP","499.577178339145","136098.260421305","0.997071204134769"
"295","Starker","ElevDist_eFFP_MSP","PercDead","ElevDist","-2779.68881885046","937429.896284674","0.997634097705792"
"296","Starker","ElevDist_eFFP_MSP","PercDead","eFFP","434.123381498962","183473.371578853","0.998112096499928"
"297","Starker","ElevDist_eFFP_MSP","PercDead","MSP","-209.674798074787","132010.100927088","0.998732701417113"
"298","Sprague","Ecoregion","PercDead","CSCD","-1.18369129790617","1.0851819520746","0.275371107004815"
"299","Sprague","Ecoregion","PercDead","CSCO","-20.5323127023681","12674.5580124951","0.99870745724456"
"300","Sprague","Ecoregion","PercDead","KLMT","-20.5495796938557","10615.2653468763","0.998455414764295"
"301","Sprague","Ecoregion","PercDead","PULO","-1.07649037158065","0.711682922942651","0.130381729060817"
"302","Sprague","Ecoregion","PercDead","SRNA","-20.57217422898","16580.5238227717","0.999010030312465"
"303","Sprague","Ecoregion","PercDead","WIVA","-1.00136974111254","0.82145175736397","0.222834929105975"
"304","Sprague","Ecoregion_Dist","PercDead","CSCD","-1.20966404597865","1.0920968602869","0.268011830342121"
"305","Sprague","Ecoregion_Dist","PercDead","CSCO","-20.5327368669389","12676.9850786111","0.998707678010779"
"306","Sprague","Ecoregion_Dist","PercDead","KLMT","-20.6660965678594","10618.9004431276","0.998447188664875"
"307","Sprague","Ecoregion_Dist","PercDead","PULO","-1.02085575889391","0.768839479523894","0.184248184961562"
"308","Sprague","Ecoregion_Dist","PercDead","SRNA","-20.5686321483789","16585.0494452619","0.999010470853572"
"309","Sprague","Ecoregion_Dist","PercDead","WIVA","-1.05860234567","0.866656739383041","0.221905000875233"
"310","Sprague","Ecoregion_Dist","PercDead","Dist","-0.0702551041034412","0.354293630466015","0.842813272733096"
"311","Sprague","Ecoregion_Dist_Slope_DD.5.sp","PercDead","CSCD","-2.37509318298453","1.9583293897705","0.225200183432564"
"312","Sprague","Ecoregion_Dist_Slope_DD.5.sp","PercDead","CSCO","-27.2684392790461","10749.8700596142","0.997976064524994"
"313","Sprague","Ecoregion_Dist_Slope_DD.5.sp","PercDead","KLMT","-22.8445207708698","9582.66168182349","0.998097890360487"
"314","Sprague","Ecoregion_Dist_Slope_DD.5.sp","PercDead","PULO","0.0751451488745095","1.33997324635485","0.955278403995227"
"315","Sprague","Ecoregion_Dist_Slope_DD.5.sp","PercDead","SRNA","-20.3607665770915","16502.1533937336","0.999015550468564"
"316","Sprague","Ecoregion_Dist_Slope_DD.5.sp","PercDead","WIVA","-0.790506521259666","1.01914252769062","0.437950674386499"
"317","Sprague","Ecoregion_Dist_Slope_DD.5.sp","PercDead","Dist","-1.07041145337349","0.672134400566417","0.111259904076492"
"318","Sprague","Ecoregion_Dist_Slope_DD.5.sp","PercDead","Slope","3.50207355865068","1.78745259691378","0.0500830539567123"
"319","Sprague","Ecoregion_Dist_Slope_DD.5.sp","PercDead","DD.5.sp","1.80535259105971","1.13147509949143","0.110583868969818"
"320","Sprague","Ecoregion_Slope","PercDead","CSCD","-0.677933563247802","1.31644984924945","0.606573249030327"
"321","Sprague","Ecoregion_Slope","PercDead","CSCO","-21.3820391446445","12573.2490742438","0.998643119961431"
"322","Sprague","Ecoregion_Slope","PercDead","KLMT","-20.2898153171906","10573.7445942346","0.998468951060439"
"323","Sprague","Ecoregion_Slope","PercDead","PULO","-0.649518991515292","0.956149866727702","0.496943564785296"
"324","Sprague","Ecoregion_Slope","PercDead","SRNA","-20.6411188161827","16556.7179878132","0.999005284394705"
"325","Sprague","Ecoregion_Slope","PercDead","WIVA","-0.597504229490164","1.02199467290861","0.558786341767988"
"326","Sprague","Ecoregion_Slope","PercDead","Slope","0.460527758908493","0.619592713587529","0.457315219043026"
"327","Sprague","Ecoregion_Aspect","PercDead","CSCD","-1.0493995780875","1.10249581814875","0.341178151549643"
"328","Sprague","Ecoregion_Aspect","PercDead","CSCO","-20.937127132733","12656.2559962251","0.9986800675593"
"329","Sprague","Ecoregion_Aspect","PercDead","KLMT","-20.5376192494152","10533.3703961032","0.998444311904358"
"330","Sprague","Ecoregion_Aspect","PercDead","PULO","-1.24695642496459","0.758793762184656","0.100312529291583"
"331","Sprague","Ecoregion_Aspect","PercDead","SRNA","-20.7067266662774","16568.0239329189","0.999002803636839"
"332","Sprague","Ecoregion_Aspect","PercDead","WIVA","-1.00014061431333","0.821829781552902","0.223616359469001"
"333","Sprague","Ecoregion_Aspect","PercDead","Aspect","0.277048008641589","0.395963801627877","0.484127081130446"
"334","Sprague","Ecoregion_ElevDist","PercDead","CSCD","-1.43339367439838","1.13645468513556","0.207206048271133"
"335","Sprague","Ecoregion_ElevDist","PercDead","CSCO","-20.3301633779313","726.922499068056","0.97768811790418"
"336","Sprague","Ecoregion_ElevDist","PercDead","KLMT","-20.8309867912158","514.011863694713","0.967673558815724"
"337","Sprague","Ecoregion_ElevDist","PercDead","PULO","-0.725867103267363","0.887540341632967","0.413447840022302"
"338","Sprague","Ecoregion_ElevDist","PercDead","SRNA","-20.9001615098767","1024.0001877123","0.983716059187811"
"339","Sprague","Ecoregion_ElevDist","PercDead","WIVA","-0.717096808568889","0.930840215503103","0.441076983376227"
"340","Sprague","Ecoregion_ElevDist","PercDead","ElevDist","0.32195762157371","0.441719435614526","0.46607900394546"
"341","Sprague","Ecoregion_eFFP","PercDead","CSCD","-1.14870571997449","1.08581969433293","0.290093869265544"
"342","Sprague","Ecoregion_eFFP","PercDead","CSCO","-20.8060494980706","12667.0237997524","0.998689446040079"
"343","Sprague","Ecoregion_eFFP","PercDead","KLMT","-20.4100681122103","10432.1294401755","0.998438969921146"
"344","Sprague","Ecoregion_eFFP","PercDead","PULO","-1.30943100338936","0.822570995590037","0.1114125753734"
"345","Sprague","Ecoregion_eFFP","PercDead","SRNA","-20.6614372968351","16563.9062825875","0.999004737332679"
"346","Sprague","Ecoregion_eFFP","PercDead","WIVA","-1.08714428992045","0.83352601513961","0.192141002858973"
"347","Sprague","Ecoregion_eFFP","PercDead","eFFP","-0.353946450265595","0.63783831067619","0.578952368079115"
"348","Sprague","Ecoregion_MSP","PercDead","CSCD","-0.679453666931082","1.4489219226349","0.639114388343734"
"349","Sprague","Ecoregion_MSP","PercDead","CSCO","-20.7403791663523","12666.3145809481","0.99869350940076"
"350","Sprague","Ecoregion_MSP","PercDead","KLMT","-20.3468602833502","10520.5845463746","0.998456888446753"
"351","Sprague","Ecoregion_MSP","PercDead","PULO","-0.829099344112638","0.861261487282786","0.335719714806789"
"352","Sprague","Ecoregion_MSP","PercDead","SRNA","-20.6227216530212","16568.5167908934","0.999006878698461"
"353","Sprague","Ecoregion_MSP","PercDead","WIVA","-0.753645246607166","0.958089268628257","0.431508585739555"
"354","Sprague","Ecoregion_MSP","PercDead","MSP","-0.285566595527126","0.526272039128768","0.587390338202322"
"355","Sprague","Ecoregion_DD.5.sp","PercDead","CSCD","-1.02785613266436","1.41264056687737","0.466850307218919"
"356","Sprague","Ecoregion_DD.5.sp","PercDead","CSCO","-20.5810264526317","12670.8199729037","0.998704008417259"
"357","Sprague","Ecoregion_DD.5.sp","PercDead","KLMT","-20.4943624337911","10609.9953304156","0.998458799962528"
"358","Sprague","Ecoregion_DD.5.sp","PercDead","PULO","-0.971576911793726","0.939633277805611","0.301138102331108"
"359","Sprague","Ecoregion_DD.5.sp","PercDead","SRNA","-20.6092403573649","16576.7167345634","0.999008018854511"
"360","Sprague","Ecoregion_DD.5.sp","PercDead","WIVA","-0.934643540147662","0.911823132474339","0.305350339278735"
"361","Sprague","Ecoregion_DD.5.sp","PercDead","DD.5.sp","-0.073026335044556","0.419054008719589","0.861657413923479"
