"","Site","Block","Tree","Source","Name","cond","ht"
"1","PV",1,1,"AK","AK3",1,167
"2","PV",1,2,"AK","AK3",4,220
"3","PV",1,3,"AK","AK3",1,197
"4","PV",1,4,"AK","AK3",3,59
"5","PV",1,5,"AK","AK3",1,151
"6","PV",1,1,"AK","AK6",1,143
"7","PV",1,2,"AK","AK6",4,249
"8","PV",1,3,"AK","AK6",2,152
"9","PV",1,4,"AK","AK6",1,114
"10","PV",1,5,"AK","AK6",1,112
"11","PV",1,1,"AK","AK9",4,119
"12","PV",1,3,"AK","AK9",2,163
"13","PV",1,4,"AK","AK9",1,202
"14","PV",1,5,"AK","AK9",2,195
"15","PV",1,1,"BA","BA2",4,111
"16","PV",1,2,"BA","BA2",1,89
"17","PV",1,3,"BA","BA2",2,158
"18","PV",1,4,"BA","BA2",1,90
"19","PV",1,5,"BA","BA2",1,154
"20","PV",1,1,"BA","BA3",1,168
"21","PV",1,3,"BA","BA3",2,215
"22","PV",1,4,"BA","BA3",4,82
"23","PV",1,5,"BA","BA3",1,228
"24","PV",1,2,"BA","BA5",1,78
"25","PV",1,3,"BA","BA5",1,199
"26","PV",1,4,"BA","BA5",2,149
"27","PV",1,5,"BA","BA5",3,82
"28","PV",1,1,"BC","BC3",1,183
"29","PV",1,2,"BC","BC3",2,152
"30","PV",1,3,"BC","BC3",4,78
"31","PV",1,5,"BC","BC3",1,116
"32","PV",1,3,"BC","BC6",1,134
"33","PV",1,4,"BC","BC6",1,186
"34","PV",1,2,"BC","BC8",1,115
"35","PV",1,3,"BC","BC8",4,214
"36","PV",1,4,"BC","BC8",2,50
"37","PV",1,5,"BC","BC8",2,184
"38","PV",1,1,"BK","BK2",2,70
"39","PV",1,2,"BK","BK2",1,125
"40","PV",1,5,"BK","BK2",4,84
"41","PV",1,2,"BK","BK3",1,113
"42","PV",1,3,"BK","BK3",4,83
"43","PV",1,4,"BK","BK3",2,109
"44","PV",1,1,"BK","BK5",1,173
"45","PV",1,3,"BK","BK5",1,126
"46","PV",1,4,"BK","BK5",4,71
"47","PV",1,5,"BK","BK5",1,197
"48","PV",1,1,"BL","BL1",3,127
"49","PV",1,3,"BL","BL1",2,188
"50","PV",1,5,"BL","BL1",1,141
"51","PV",1,1,"BL","BL2",1,304
"52","PV",1,3,"BL","BL2",2,244
"53","PV",1,5,"BL","BL2",1,218
"54","PV",1,1,"BL","BL3",1,250
"55","PV",1,2,"BL","BL3",2,112
"56","PV",1,3,"BL","BL3",1,175
"57","PV",1,4,"BL","BL3",1,78
"58","PV",1,1,"BR","BR3",1,134
"59","PV",1,1,"BR","BR3",1,242
"60","PV",1,2,"BR","BR3",4,137
"61","PV",1,3,"BR","BR3",1,78
"62","PV",1,4,"BR","BR3",1,130
"63","PV",1,1,"BR","BR7",4,130
"64","PV",1,3,"BR","BR7",1,282
"65","PV",1,4,"BR","BR7",2,258
"66","PV",1,5,"BR","BR7",3,108
"67","PV",1,1,"CA","CA3",1,108
"68","PV",1,2,"CA","CA3",1,210
"69","PV",1,3,"CA","CA3",3,99
"70","PV",1,5,"CA","CA3",2,30
"71","PV",1,1,"CA","CA4",1,196
"72","PV",1,2,"CA","CA4",2,225
"73","PV",1,3,"CA","CA4",2,199
"74","PV",1,4,"CA","CA4",2,102
"75","PV",1,5,"CA","CA4",1,239
"76","PV",1,1,"CB","CB1",1,85
"77","PV",1,2,"CB","CB1",3,92
"78","PV",1,3,"CB","CB1",1,220
"79","PV",1,4,"CB","CB1",1,189
"80","PV",1,5,"CB","CB1",1,192
"81","PV",1,1,"CC","CC2",1,165
"82","PV",1,2,"CC","CC2",1,140
"83","PV",1,4,"CC","CC2",2,213
"84","PV",1,5,"CC","CC2",1,173
"85","PV",1,1,"CC","CC4",2,156
"86","PV",1,2,"CC","CC4",2,80
"87","PV",1,3,"CC","CC4",3,240
"88","PV",1,4,"CC","CC4",2,104
"89","PV",1,1,"CC","CC7",1,166
"90","PV",1,3,"CC","CC7",1,106
"91","PV",1,5,"CC","CC7",4,272
"92","PV",1,1,"CL","CL1",3,243
"93","PV",1,2,"CL","CL1",3,139
"94","PV",1,3,"CL","CL1",3,192
"95","PV",1,4,"CL","CL1",3,164
"96","PV",1,5,"CL","CL1",1,156
"97","PV",1,1,"CP","CP24",4,254
"98","PV",1,3,"CP","CP24",1,156
"99","PV",1,4,"CP","CP24",4,41
"100","PV",1,5,"CP","CP24",1,97
"101","PV",1,1,"CP","CP26",1,80
"102","PV",1,2,"CP","CP26",1,156
"103","PV",1,3,"CP","CP26",3,119
"104","PV",1,4,"CP","CP26",2,208
"105","PV",1,5,"CP","CP26",1,126
"106","PV",1,1,"CP","CP9",1,243
"107","PV",1,3,"CP","CP9",3,173
"108","PV",1,4,"CP","CP9",2,168
"109","PV",1,5,"CP","CP9",2,163
"110","PV",1,1,"CR","CR2",1,138
"111","PV",1,2,"CR","CR2",1,107
"112","PV",1,3,"CR","CR2",2,209
"113","PV",1,4,"CR","CR2",4,122
"114","PV",1,5,"CR","CR2",1,140
"115","PV",1,2,"CR","CR3",1,259
"116","PV",1,3,"CR","CR3",4,211
"117","PV",1,4,"CR","CR3",2,100
"118","PV",1,5,"CR","CR3",1,167
"119","PV",1,1,"CR","CR4",4,237
"120","PV",1,2,"CR","CR4",1,68
"121","PV",1,3,"CR","CR4",1,162
"122","PV",1,4,"CR","CR4",1,248
"123","PV",1,5,"CR","CR4",2,137
"124","PV",1,1,"CY","CY6",4,142
"125","PV",1,2,"CY","CY6",1,90
"126","PV",1,3,"CY","CY6",3,198
"127","PV",1,4,"CY","CY6",1,58
"128","PV",1,5,"CY","CY6",1,66
"129","PV",1,1,"DE","DE2",3,154
"130","PV",1,2,"DE","DE2",2,162
"131","PV",1,3,"DE","DE2",1,216
"132","PV",1,4,"DE","DE2",2,180
"133","PV",1,5,"DE","DE2",2,168
"134","PV",1,1,"DE","DE4",1,183
"135","PV",1,2,"DE","DE4",2,119
"136","PV",1,3,"DE","DE4",2,75
"137","PV",1,4,"DE","DE4",1,210
"138","PV",1,5,"DE","DE4",2,170
"139","PV",1,1,"DE","DE5",3,161
"140","PV",1,3,"DE","DE5",3,234
"141","PV",1,4,"DE","DE5",3,160
"142","PV",1,5,"DE","DE5",1,176
"143","PV",1,1,"DE","DE6",3,113
"144","PV",1,2,"DE","DE6",2,95
"145","PV",1,3,"DE","DE6",4,78
"146","PV",1,4,"DE","DE6",1,122
"147","PV",1,5,"DE","DE6",4,194
"148","PV",1,1,"FB","FB3",4,155
"149","PV",1,2,"FB","FB3",4,122
"150","PV",1,3,"FB","FB3",1,127
"151","PV",1,4,"FB","FB3",1,222
"152","PV",1,5,"FB","FB3",4,144
"153","PV",1,1,"FB","FB9",1,119
"154","PV",1,2,"FB","FB9",1,221
"155","PV",1,3,"FB","FB9",4,130
"156","PV",1,4,"FB","FB9",1,162
"157","PV",1,5,"FB","FB9",1,106
"158","PV",1,1,"FW","FW10",4,100
"159","PV",1,2,"FW","FW10",1,221
"160","PV",1,4,"FW","FW10",1,241
"161","PV",1,5,"FW","FW10",2,162
"162","PV",1,1,"FW","FW3",1,202
"163","PV",1,2,"FW","FW3",3,132
"164","PV",1,3,"FW","FW3",4,32
"165","PV",1,4,"FW","FW3",1,175
"166","PV",1,5,"FW","FW3",3,112
"167","PV",1,1,"GA","GA1",3,52
"168","PV",1,2,"GA","GA1",2,184
"169","PV",1,3,"GA","GA1",1,269
"170","PV",1,4,"GA","GA1",1,95
"171","PV",1,5,"GA","GA1",1,159
"172","PV",1,1,"GA","GA2",3,16
"173","PV",1,3,"GA","GA2",1,144
"174","PV",1,4,"GA","GA2",1,90
"175","PV",1,5,"GA","GA2",1,157
"176","PV",1,1,"GA","GA3",1,181
"177","PV",1,3,"GA","GA3",1,134
"178","PV",1,4,"GA","GA3",2,95
"179","PV",1,1,"GP","GP1",1,279
"180","PV",1,3,"GP","GP1",4,41
"181","PV",1,5,"GP","GP1",1,142
"182","PV",1,1,"GP","GP2",1,187
"183","PV",1,2,"GP","GP2",2,126
"184","PV",1,3,"GP","GP2",2,160
"185","PV",1,4,"GP","GP2",3,171
"186","PV",1,5,"GP","GP2",4,160
"187","PV",1,1,"HC","HC1",2,128
"188","PV",1,2,"HC","HC1",3,151
"189","PV",1,3,"HC","HC1",1,157
"190","PV",1,4,"HC","HC1",3,84
"191","PV",1,5,"HC","HC1",1,134
"192","PV",1,1,"HC","HC2",2,137
"193","PV",1,3,"HC","HC2",1,209
"194","PV",1,4,"HC","HC2",1,225
"195","PV",1,5,"HC","HC2",3,191
"196","PV",1,1,"HP","HP1",1,123
"197","PV",1,2,"HP","HP1",1,263
"198","PV",1,3,"HP","HP1",1,14
"199","PV",1,5,"HP","HP1",4,68
"200","PV",1,1,"KL","KL10",2,118
"201","PV",1,4,"KL","KL10",1,182
"202","PV",1,1,"KL","KL11",3,154
"203","PV",1,2,"KL","KL11",4,65
"204","PV",1,3,"KL","KL11",1,148
"205","PV",1,4,"KL","KL11",2,67
"206","PV",1,5,"KL","KL11",1,171
"207","PV",1,1,"KL","KL12",4,123
"208","PV",1,2,"KL","KL12",4,153
"209","PV",1,3,"KL","KL12",3,180
"210","PV",1,4,"KL","KL12",4,115
"211","PV",1,5,"KL","KL12",4,37
"212","PV",1,1,"KL","KL13",3,119
"213","PV",1,3,"KL","KL13",2,167
"214","PV",1,5,"KL","KL13",1,108
"215","PV",1,1,"KL","KL14",1,186
"216","PV",1,2,"KL","KL14",1,131
"217","PV",1,3,"KL","KL14",1,137
"218","PV",1,4,"KL","KL14",1,102
"219","PV",1,5,"KL","KL14",1,109
"220","PV",1,1,"KL","KL6",2,65
"221","PV",1,2,"KL","KL6",2,154
"222","PV",1,3,"KL","KL6",2,175
"223","PV",1,4,"KL","KL6",3,187
"224","PV",1,5,"KL","KL6",1,161
"225","PV",1,1,"KL","KL7",2,173
"226","PV",1,2,"KL","KL7",3,138
"227","PV",1,3,"KL","KL7",2,82
"228","PV",1,4,"KL","KL7",1,57
"229","PV",1,5,"KL","KL7",3,142
"230","PV",1,1,"KM","KM1",1,129
"231","PV",1,2,"KM","KM1",4,56
"232","PV",1,3,"KM","KM1",1,177
"233","PV",1,4,"KM","KM1",1,136
"234","PV",1,5,"KM","KM1",2,94
"235","PV",1,1,"KM","KM10",1,21
"236","PV",1,2,"KM","KM10",2,246
"237","PV",1,3,"KM","KM10",1,232
"238","PV",1,4,"KM","KM10",1,89
"239","PV",1,5,"KM","KM10",1,177
"240","PV",1,1,"LA","LA10",1,184
"241","PV",1,2,"LA","LA10",3,187
"242","PV",1,4,"LA","LA10",1,181
"243","PV",1,5,"LA","LA10",2,64
"244","PV",1,1,"LA","LA13",4,131
"245","PV",1,3,"LA","LA13",2,175
"246","PV",1,4,"LA","LA13",3,196
"247","PV",1,2,"LA","LA8",3,251
"248","PV",1,3,"LA","LA8",3,86
"249","PV",1,4,"LA","LA8",4,216
"250","PV",1,5,"LA","LA8",1,108
"251","PV",1,1,"LC","LC1",3,144
"252","PV",1,2,"LC","LC1",1,173
"253","PV",1,3,"LC","LC1",2,87
"254","PV",1,4,"LC","LC1",2,168
"255","PV",1,5,"LC","LC1",3,144
"256","PV",1,1,"LC","LC2",1,140
"257","PV",1,4,"LC","LC2",1,129
"258","PV",1,5,"LC","LC2",2,118
"259","PV",1,1,"OH","OH1",1,88
"260","PV",1,2,"OH","OH1",1,194
"261","PV",1,3,"OH","OH1",2,208
"262","PV",1,4,"OH","OH1",1,7
"263","PV",1,1,"OK","OK1",2,174
"264","PV",1,2,"OK","OK1",2,229
"265","PV",1,3,"OK","OK1",3,53
"266","PV",1,4,"OK","OK1",2,126
"267","PV",1,5,"OK","OK1",4,132
"268","PV",1,2,"OL","OL1",4,81
"269","PV",1,3,"OL","OL1",4,93
"270","PV",1,4,"OL","OL1",1,79
"271","PV",1,5,"OL","OL1",1,125
"272","PV",1,1,"OR","OR1",1,80
"273","PV",1,2,"OR","OR1",1,200
"274","PV",1,3,"OR","OR1",1,85
"275","PV",1,4,"OR","OR1",3,178
"276","PV",1,5,"OR","OR1",2,141
"277","PV",1,2,"PA","PA1",3,245
"278","PV",1,3,"PA","PA1",2,102
"279","PV",1,2,"PA","PA3",1,217
"280","PV",1,3,"PA","PA3",1,161
"281","PV",1,4,"PA","PA3",1,178
"282","PV",1,5,"PA","PA3",3,148
"283","PV",1,1,"PA","PA4",1,138
"284","PV",1,2,"PA","PA4",1,136
"285","PV",1,3,"PA","PA4",1,93
"286","PV",1,4,"PA","PA4",1,147
"287","PV",1,5,"PA","PA4",1,75
"288","PV",1,1,"PF","PF1",1,169
"289","PV",1,3,"PF","PF1",1,164
"290","PV",1,4,"PF","PF1",1,256
"291","PV",1,5,"PF","PF1",1,164
"292","PV",1,1,"PF","PF2",3,229
"293","PV",1,2,"PF","PF2",3,134
"294","PV",1,3,"PF","PF2",2,161
"295","PV",1,4,"PF","PF2",4,134
"296","PV",1,5,"PF","PF2",1,265
"297","PV",1,1,"PF","PF4",1,167
"298","PV",1,2,"PF","PF4",2,305
"299","PV",1,3,"PF","PF4",1,160
"300","PV",1,4,"PF","PF4",4,145
"301","PV",1,5,"PF","PF4",1,200
"302","PV",1,1,"PF","PF5",1,104
"303","PV",1,2,"PF","PF5",2,107
"304","PV",1,3,"PF","PF5",1,217
"305","PV",1,4,"PF","PF5",1,186
"306","PV",1,5,"PF","PF5",3,162
"307","PV",1,1,"PL","PL1",4,149
"308","PV",1,2,"PL","PL1",1,82
"309","PV",1,3,"PL","PL1",1,142
"310","PV",1,4,"PL","PL1",3,129
"311","PV",1,5,"PL","PL1",1,206
"312","PV",1,1,"PL","PL11",2,168
"313","PV",1,2,"PL","PL11",1,190
"314","PV",1,3,"PL","PL11",1,202
"315","PV",1,4,"PL","PL11",2,185
"316","PV",1,5,"PL","PL11",3,196
"317","PV",1,1,"PL","PL4",1,177
"318","PV",1,2,"PL","PL4",3,144
"319","PV",1,3,"PL","PL4",1,140
"320","PV",1,4,"PL","PL4",3,165
"321","PV",1,5,"PL","PL4",1,113
"322","PV",1,1,"PL","PL7",3,160
"323","PV",1,2,"PL","PL7",2,139
"324","PV",1,3,"PL","PL7",2,169
"325","PV",1,4,"PL","PL7",1,149
"326","PV",1,5,"PL","PL7",3,112
"327","PV",1,1,"RA","RA2",4,107
"328","PV",1,2,"RA","RA2",1,156
"329","PV",1,3,"RA","RA2",3,206
"330","PV",1,4,"RA","RA2",1,1
"331","PV",1,5,"RA","RA2",3,202
"332","PV",1,2,"RA","RA8",4,213
"333","PV",1,3,"RA","RA8",3,112
"334","PV",1,4,"RA","RA8",1,161
"335","PV",1,5,"RA","RA8",1,249
"336","PV",1,1,"RV","RV3",1,172
"337","PV",1,2,"RV","RV3",4,128
"338","PV",1,3,"RV","RV3",2,143
"339","PV",1,4,"RV","RV3",1,128
"340","PV",1,1,"RV","RV4",2,200
"341","PV",1,2,"RV","RV4",1,73
"342","PV",1,3,"RV","RV4",2,1
"343","PV",1,5,"RV","RV4",1,78
"344","PV",1,1,"RV","RV8",1,109
"345","PV",1,4,"RV","RV8",1,136
"346","PV",1,5,"RV","RV8",2,96
"347","PV",1,2,"SA","SA7",1,200
"348","PV",1,3,"SA","SA7",2,177
"349","PV",1,1,"SC","SC4",1,113
"350","PV",1,3,"SC","SC4",1,70
"351","PV",1,4,"SC","SC4",1,168
"352","PV",1,5,"SC","SC4",1,154
"353","PV",1,1,"SN","SN1",1,107
"354","PV",1,2,"SN","SN1",2,134
"355","PV",1,3,"SN","SN1",1,95
"356","PV",1,4,"SN","SN1",4,19
"357","PV",1,5,"SN","SN1",4,85
"358","PV",1,2,"SN","SN2",1,62
"359","PV",1,4,"SN","SN2",3,86
"360","PV",1,5,"SN","SN2",4,170
"361","PV",1,1,"SN","SN3",1,71
"362","PV",1,4,"SN","SN3",3,295
"363","PV",1,5,"SN","SN3",3,115
"364","PV",1,1,"SN","SN4",1,95
"365","PV",1,2,"SN","SN4",1,187
"366","PV",1,3,"SN","SN4",3,218
"367","PV",1,4,"SN","SN4",3,177
"368","PV",1,5,"SN","SN4",1,91
"369","PV",1,2,"SR","SR2",2,80
"370","PV",1,3,"SR","SR2",1,177
"371","PV",1,4,"SR","SR2",1,108
"372","PV",1,1,"SR","SR3",2,147
"373","PV",1,3,"SR","SR3",3,113
"374","PV",1,4,"SR","SR3",2,175
"375","PV",1,5,"SR","SR3",4,173
"376","PV",1,1,"VE","VE10",1,157
"377","PV",1,2,"VE","VE10",1,144
"378","PV",1,3,"VE","VE10",1,156
"379","PV",1,4,"VE","VE10",4,84
"380","PV",1,5,"VE","VE10",1,184
"381","PV",1,1,"VE","VE5",1,130
"382","PV",1,2,"VE","VE5",1,204
"383","PV",1,3,"VE","VE5",3,107
"384","PV",1,4,"VE","VE5",2,98
"385","PV",1,5,"VE","VE5",4,107
"386","PV",1,1,"VE","VE7",2,124
"387","PV",1,2,"VE","VE7",4,141
"388","PV",1,3,"VE","VE7",1,110
"389","PV",1,4,"VE","VE7",3,138
"390","PV",1,5,"VE","VE7",2,126
"391","PV",1,1,"VI","VI3",4,81
"392","PV",1,2,"VI","VI3",2,173
"393","PV",1,3,"VI","VI3",3,180
"394","PV",1,4,"VI","VI3",1,139
"395","PV",1,5,"VI","VI3",2,122
"396","PV",1,1,"VI","VI4",1,142
"397","PV",1,2,"VI","VI4",2,200
"398","PV",1,3,"VI","VI4",1,181
"399","PV",1,4,"VI","VI4",2,187
"400","PV",1,5,"VI","VI4",3,89
"401","PV",1,1,"VI","VI5",1,195
"402","PV",1,2,"VI","VI5",3,147
"403","PV",1,3,"VI","VI5",1,176
"404","PV",1,4,"VI","VI5",3,265
"405","PV",1,1,"WL","WL3",1,121
"406","PV",1,2,"WL","WL3",3,130
"407","PV",1,3,"WL","WL3",4,112
"408","PV",1,4,"WL","WL3",2,153
"409","PV",1,5,"WL","WL3",3,92
"410","PV",1,1,"WL","WL8",3,187
"411","PV",1,2,"WL","WL8",2,55
"412","PV",1,3,"WL","WL8",1,139
"413","PV",1,4,"WL","WL8",1,114
"414","PV",1,5,"WL","WL8",3,245
"415","PV",1,1,"WV","WV2",1,205
"416","PV",1,2,"WV","WV2",2,183
"417","PV",1,3,"WV","WV2",2,131
"418","PV",1,4,"WV","WV2",1,140
"419","PV",1,5,"WV","WV2",1,234
"420","PV",1,1,"WV","WV6",2,197
"421","PV",1,3,"WV","WV6",1,189
"422","PV",1,4,"WV","WV6",4,70
"423","PV",1,1,"ZE","ZE1",2,135
"424","PV",1,2,"ZE","ZE1",1,174
"425","PV",1,3,"ZE","ZE1",1,171
"426","PV",1,4,"ZE","ZE1",2,265
"427","PV",1,5,"ZE","ZE1",4,168
"428","PV",1,1,"ZE","ZE4",2,312
"429","PV",1,2,"ZE","ZE4",4,183
"430","PV",1,3,"ZE","ZE4",1,80
"431","PV",1,4,"ZE","ZE4",1,244
"432","PV",1,5,"ZE","ZE4",1,180
"433","PV",1,1,"ZE","ZE6",2,226
"434","PV",1,2,"ZE","ZE6",1,198
"435","PV",1,4,"ZE","ZE6",1,161
"436","PV",1,5,"ZE","ZE6",4,142
"437","PV",2,1,"AK","AK3",1,16
"438","PV",2,2,"AK","AK3",2,137
"439","PV",2,3,"AK","AK3",3,133
"440","PV",2,5,"AK","AK3",2,150
"441","PV",2,1,"AK","AK6",2,273
"442","PV",2,2,"AK","AK6",1,164
"443","PV",2,3,"AK","AK6",4,185
"444","PV",2,4,"AK","AK6",1,99
"445","PV",2,5,"AK","AK6",1,178
"446","PV",2,1,"AK","AK9",2,58
"447","PV",2,2,"AK","AK9",3,110
"448","PV",2,3,"AK","AK9",1,162
"449","PV",2,4,"AK","AK9",1,241
"450","PV",2,1,"BA","BA2",4,171
"451","PV",2,2,"BA","BA2",2,241
"452","PV",2,3,"BA","BA2",4,199
"453","PV",2,4,"BA","BA2",4,151
"454","PV",2,1,"BA","BA3",1,158
"455","PV",2,2,"BA","BA3",2,162
"456","PV",2,3,"BA","BA3",1,163
"457","PV",2,5,"BA","BA3",1,166
"458","PV",2,1,"BA","BA5",2,99
"459","PV",2,2,"BA","BA5",2,51
"460","PV",2,3,"BA","BA5",1,202
"461","PV",2,5,"BA","BA5",1,58
"462","PV",2,1,"BC","BC3",2,185
"463","PV",2,2,"BC","BC3",4,273
"464","PV",2,3,"BC","BC3",1,201
"465","PV",2,4,"BC","BC3",1,138
"466","PV",2,5,"BC","BC3",1,161
"467","PV",2,1,"BC","BC6",1,184
"468","PV",2,2,"BC","BC6",4,27
"469","PV",2,4,"BC","BC6",1,120
"470","PV",2,5,"BC","BC6",4,80
"471","PV",2,1,"BC","BC8",4,175
"472","PV",2,2,"BC","BC8",1,208
"473","PV",2,3,"BC","BC8",1,123
"474","PV",2,4,"BC","BC8",1,131
"475","PV",2,5,"BC","BC8",1,114
"476","PV",2,1,"BK","BK2",3,123
"477","PV",2,3,"BK","BK2",1,186
"478","PV",2,4,"BK","BK2",3,146
"479","PV",2,1,"BK","BK3",1,157
"480","PV",2,3,"BK","BK3",1,152
"481","PV",2,4,"BK","BK3",1,229
"482","PV",2,5,"BK","BK3",1,108
"483","PV",2,6,"BK","BK3",3,184
"484","PV",2,2,"BK","BK5",1,68
"485","PV",2,3,"BK","BK5",1,281
"486","PV",2,4,"BK","BK5",2,111
"487","PV",2,2,"BL","BL1",1,107
"488","PV",2,3,"BL","BL1",1,104
"489","PV",2,4,"BL","BL1",4,130
"490","PV",2,5,"BL","BL1",1,144
"491","PV",2,1,"BL","BL2",1,105
"492","PV",2,4,"BL","BL2",3,181
"493","PV",2,1,"BL","BL3",2,82
"494","PV",2,3,"BL","BL3",4,130
"495","PV",2,5,"BL","BL3",1,165
"496","PV",2,4,"BR","BR3",1,253
"497","PV",2,5,"BR","BR3",3,214
"498","PV",2,2,"BR","BR7",3,141
"499","PV",2,3,"BR","BR7",2,75
"500","PV",2,5,"BR","BR7",1,194
"501","PV",2,1,"CA","CA3",3,126
"502","PV",2,2,"CA","CA3",2,101
"503","PV",2,3,"CA","CA3",2,171
"504","PV",2,4,"CA","CA3",2,166
"505","PV",2,5,"CA","CA3",1,178
"506","PV",2,1,"CA","CA4",1,148
"507","PV",2,2,"CA","CA4",1,40
"508","PV",2,3,"CA","CA4",1,146
"509","PV",2,5,"CA","CA4",2,189
"510","PV",2,1,"CB","CB1",1,153
"511","PV",2,2,"CB","CB1",4,146
"512","PV",2,3,"CB","CB1",1,298
"513","PV",2,4,"CB","CB1",2,176
"514","PV",2,5,"CB","CB1",2,109
"515","PV",2,2,"CC","CC2",2,188
"516","PV",2,3,"CC","CC2",3,179
"517","PV",2,4,"CC","CC2",1,40
"518","PV",2,2,"CC","CC4",3,74
"519","PV",2,4,"CC","CC4",1,200
"520","PV",2,1,"CC","CC7",2,181
"521","PV",2,3,"CC","CC7",1,154
"522","PV",2,5,"CC","CC7",1,124
"523","PV",2,1,"CL","CL1",2,176
"524","PV",2,2,"CL","CL1",4,138
"525","PV",2,3,"CL","CL1",1,187
"526","PV",2,4,"CL","CL1",1,172
"527","PV",2,1,"CP","CP24",2,67
"528","PV",2,2,"CP","CP24",1,87
"529","PV",2,4,"CP","CP24",2,179
"530","PV",2,1,"CP","CP26",3,98
"531","PV",2,2,"CP","CP26",1,109
"532","PV",2,3,"CP","CP26",1,144
"533","PV",2,5,"CP","CP26",1,260
"534","PV",2,1,"CP","CP9",3,85
"535","PV",2,2,"CP","CP9",4,181
"536","PV",2,3,"CP","CP9",1,178
"537","PV",2,5,"CP","CP9",3,168
"538","PV",2,1,"CR","CR2",3,123
"539","PV",2,2,"CR","CR2",2,114
"540","PV",2,3,"CR","CR2",3,159
"541","PV",2,5,"CR","CR2",1,107
"542","PV",2,1,"CR","CR3",1,87
"543","PV",2,2,"CR","CR3",4,87
"544","PV",2,3,"CR","CR3",2,126
"545","PV",2,4,"CR","CR3",1,74
"546","PV",2,5,"CR","CR3",1,56
"547","PV",2,1,"CR","CR4",4,152
"548","PV",2,2,"CR","CR4",4,44
"549","PV",2,3,"CR","CR4",1,113
"550","PV",2,4,"CR","CR4",1,127
"551","PV",2,5,"CR","CR4",3,159
"552","PV",2,1,"CY","CY6",2,222
"553","PV",2,2,"CY","CY6",3,118
"554","PV",2,3,"CY","CY6",4,168
"555","PV",2,4,"CY","CY6",1,177
"556","PV",2,3,"DE","DE2",1,128
"557","PV",2,4,"DE","DE2",4,96
"558","PV",2,5,"DE","DE2",1,99
"559","PV",2,1,"DE","DE4",4,287
"560","PV",2,2,"DE","DE4",2,118
"561","PV",2,4,"DE","DE4",1,139
"562","PV",2,1,"DE","DE5",1,153
"563","PV",2,2,"DE","DE5",4,201
"564","PV",2,3,"DE","DE5",1,144
"565","PV",2,4,"DE","DE5",4,116
"566","PV",2,5,"DE","DE5",1,149
"567","PV",2,1,"DE","DE6",3,191
"568","PV",2,2,"DE","DE6",4,113
"569","PV",2,3,"DE","DE6",1,148
"570","PV",2,4,"DE","DE6",1,32
"571","PV",2,1,"FB","FB3",1,139
"572","PV",2,2,"FB","FB3",4,166
"573","PV",2,3,"FB","FB3",1,259
"574","PV",2,4,"FB","FB3",1,170
"575","PV",2,5,"FB","FB3",1,49
"576","PV",2,1,"FB","FB9",1,108
"577","PV",2,2,"FB","FB9",1,196
"578","PV",2,3,"FB","FB9",1,225
"579","PV",2,4,"FB","FB9",2,189
"580","PV",2,5,"FB","FB9",4,84
"581","PV",2,1,"FW","FW10",1,259
"582","PV",2,2,"FW","FW10",4,143
"583","PV",2,3,"FW","FW10",1,141
"584","PV",2,4,"FW","FW10",1,245
"585","PV",2,1,"FW","FW3",3,109
"586","PV",2,2,"FW","FW3",1,116
"587","PV",2,4,"FW","FW3",4,123
"588","PV",2,5,"FW","FW3",3,141
"589","PV",2,1,"GA","GA1",3,93
"590","PV",2,2,"GA","GA1",1,150
"591","PV",2,3,"GA","GA1",4,167
"592","PV",2,4,"GA","GA1",3,315
"593","PV",2,5,"GA","GA1",4,171
"594","PV",2,1,"GA","GA2",1,121
"595","PV",2,2,"GA","GA2",1,187
"596","PV",2,3,"GA","GA2",1,160
"597","PV",2,5,"GA","GA2",1,164
"598","PV",2,1,"GA","GA3",1,141
"599","PV",2,2,"GA","GA3",1,180
"600","PV",2,4,"GA","GA3",3,183
"601","PV",2,2,"GP","GP1",2,145
"602","PV",2,3,"GP","GP1",3,259
"603","PV",2,4,"GP","GP1",2,72
"604","PV",2,5,"GP","GP1",4,134
"605","PV",2,10,"GP","GP2",1,181
"606","PV",2,11,"GP","GP2",2,213
"607","PV",2,12,"GP","GP2",1,80
"608","PV",2,13,"GP","GP2",1,180
"609","PV",2,14,"GP","GP2",1,147
"610","PV",2,1,"HC","HC1",1,113
"611","PV",2,2,"HC","HC1",1,93
"612","PV",2,4,"HC","HC1",4,79
"613","PV",2,5,"HC","HC1",3,65
"614","PV",2,1,"HC","HC2",1,82
"615","PV",2,2,"HC","HC2",2,268
"616","PV",2,3,"HC","HC2",1,173
"617","PV",2,4,"HC","HC2",2,11
"618","PV",2,5,"HC","HC2",3,202
"619","PV",2,1,"HP","HP1",1,164
"620","PV",2,2,"HP","HP1",1,152
"621","PV",2,3,"HP","HP1",2,153
"622","PV",2,3,"KL","KL10",1,99
"623","PV",2,4,"KL","KL10",1,143
"624","PV",2,5,"KL","KL10",1,236
"625","PV",2,1,"KL","KL11",1,100
"626","PV",2,2,"KL","KL11",4,126
"627","PV",2,3,"KL","KL11",1,59
"628","PV",2,5,"KL","KL11",1,236
"629","PV",2,1,"KL","KL12",1,211
"630","PV",2,2,"KL","KL12",1,117
"631","PV",2,3,"KL","KL12",1,257
"632","PV",2,5,"KL","KL12",4,103
"633","PV",2,2,"KL","KL13",1,32
"634","PV",2,3,"KL","KL13",2,92
"635","PV",2,4,"KL","KL13",2,166
"636","PV",2,5,"KL","KL13",1,99
"637","PV",2,1,"KL","KL14",1,77
"638","PV",2,2,"KL","KL14",2,153
"639","PV",2,3,"KL","KL14",2,63
"640","PV",2,5,"KL","KL14",1,201
"641","PV",2,1,"KL","KL6",4,190
"642","PV",2,2,"KL","KL6",3,157
"643","PV",2,3,"KL","KL6",3,108
"644","PV",2,4,"KL","KL6",2,174
"645","PV",2,5,"KL","KL6",1,227
"646","PV",2,1,"KL","KL7",3,82
"647","PV",2,2,"KL","KL7",1,55
"648","PV",2,3,"KL","KL7",2,152
"649","PV",2,4,"KL","KL7",1,56
"650","PV",2,5,"KL","KL7",1,225
"651","PV",2,1,"KM","KM1",1,223
"652","PV",2,2,"KM","KM1",1,139
"653","PV",2,3,"KM","KM1",1,104
"654","PV",2,5,"KM","KM1",1,155
"655","PV",2,1,"KM","KM10",1,126
"656","PV",2,2,"KM","KM10",2,71
"657","PV",2,3,"KM","KM10",4,133
"658","PV",2,4,"KM","KM10",3,90
"659","PV",2,5,"KM","KM10",1,115
"660","PV",2,2,"LA","LA10",2,162
"661","PV",2,3,"LA","LA10",1,135
"662","PV",2,4,"LA","LA10",2,170
"663","PV",2,5,"LA","LA10",1,186
"664","PV",2,1,"LA","LA13",1,186
"665","PV",2,2,"LA","LA13",3,142
"666","PV",2,3,"LA","LA13",2,140
"667","PV",2,4,"LA","LA13",1,108
"668","PV",2,4,"LA","LA5",1,187
"669","PV",2,1,"LA","LA8",3,197
"670","PV",2,2,"LA","LA8",1,83
"671","PV",2,4,"LA","LA8",1,26
"672","PV",2,1,"LC","LC1",1,215
"673","PV",2,2,"LC","LC1",2,151
"674","PV",2,3,"LC","LC1",2,174
"675","PV",2,5,"LC","LC1",1,214
"676","PV",2,1,"LC","LC2",3,163
"677","PV",2,2,"LC","LC2",2,197
"678","PV",2,3,"LC","LC2",1,265
"679","PV",2,5,"LC","LC2",1,62
"680","PV",2,1,"OH","OH1",1,177
"681","PV",2,3,"OH","OH1",2,156
"682","PV",2,4,"OH","OH1",2,223
"683","PV",2,5,"OH","OH1",3,131
"684","PV",2,1,"OK","OK1",2,212
"685","PV",2,2,"OK","OK1",2,114
"686","PV",2,3,"OK","OK1",1,191
"687","PV",2,4,"OK","OK1",1,154
"688","PV",2,5,"OK","OK1",4,123
"689","PV",2,2,"OL","OL1",1,157
"690","PV",2,3,"OL","OL1",1,166
"691","PV",2,5,"OL","OL1",1,165
"692","PV",2,1,"OR","OR1",4,170
"693","PV",2,2,"OR","OR1",1,193
"694","PV",2,3,"OR","OR1",1,216
"695","PV",2,4,"OR","OR1",1,235
"696","PV",2,3,"PA","PA1",1,134
"697","PV",2,4,"PA","PA1",3,181
"698","PV",2,2,"PA","PA3",3,164
"699","PV",2,3,"PA","PA3",2,191
"700","PV",2,5,"PA","PA3",1,1
"701","PV",2,1,"PA","PA4",4,18
"702","PV",2,2,"PA","PA4",2,130
"703","PV",2,3,"PA","PA4",1,138
"704","PV",2,4,"PA","PA4",3,251
"705","PV",2,5,"PA","PA4",3,96
"706","PV",2,1,"PF","PF1",2,169
"707","PV",2,2,"PF","PF1",1,122
"708","PV",2,3,"PF","PF1",1,168
"709","PV",2,4,"PF","PF1",1,117
"710","PV",2,5,"PF","PF1",2,62
"711","PV",2,1,"PF","PF2",4,136
"712","PV",2,2,"PF","PF2",1,208
"713","PV",2,3,"PF","PF2",1,1
"714","PV",2,4,"PF","PF2",1,171
"715","PV",2,5,"PF","PF2",1,186
"716","PV",2,1,"PF","PF4",1,152
"717","PV",2,2,"PF","PF4",1,143
"718","PV",2,3,"PF","PF4",1,6
"719","PV",2,4,"PF","PF4",4,164
"720","PV",2,5,"PF","PF4",2,42
"721","PV",2,1,"PF","PF5",3,119
"722","PV",2,3,"PF","PF5",1,206
"723","PV",2,4,"PF","PF5",2,93
"724","PV",2,5,"PF","PF5",1,217
"725","PV",2,1,"PL","PL1",1,169
"726","PV",2,2,"PL","PL1",4,58
"727","PV",2,4,"PL","PL1",1,158
"728","PV",2,2,"PL","PL11",2,118
"729","PV",2,3,"PL","PL11",1,161
"730","PV",2,4,"PL","PL11",1,212
"731","PV",2,5,"PL","PL11",1,197
"732","PV",2,1,"PL","PL4",1,146
"733","PV",2,2,"PL","PL4",1,168
"734","PV",2,4,"PL","PL4",3,166
"735","PV",2,5,"PL","PL4",1,132
"736","PV",2,1,"PL","PL7",2,138
"737","PV",2,2,"PL","PL7",2,169
"738","PV",2,4,"PL","PL7",1,143
"739","PV",2,5,"PL","PL7",3,50
"740","PV",2,1,"RA","RA2",1,173
"741","PV",2,2,"RA","RA2",1,129
"742","PV",2,3,"RA","RA2",2,270
"743","PV",2,5,"RA","RA2",1,125
"744","PV",2,1,"RA","RA8",1,92
"745","PV",2,2,"RA","RA8",1,69
"746","PV",2,3,"RA","RA8",2,158
"747","PV",2,4,"RA","RA8",1,115
"748","PV",2,5,"RA","RA8",2,124
"749","PV",2,3,"RV","RV3",1,227
"750","PV",2,4,"RV","RV3",3,194
"751","PV",2,1,"RV","RV4",2,149
"752","PV",2,2,"RV","RV4",1,189
"753","PV",2,3,"RV","RV4",4,187
"754","PV",2,4,"RV","RV4",3,230
"755","PV",2,5,"RV","RV4",2,147
"756","PV",2,1,"RV","RV8",1,216
"757","PV",2,2,"RV","RV8",1,282
"758","PV",2,3,"RV","RV8",3,180
"759","PV",2,5,"RV","RV8",2,164
"760","PV",2,1,"SA","SA8",4,88
"761","PV",2,5,"SA","SA8",1,116
"762","PV",2,1,"SC","SC4",1,151
"763","PV",2,2,"SC","SC4",2,100
"764","PV",2,5,"SC","SC4",1,115
"765","PV",2,1,"SN","SN1",3,179
"766","PV",2,2,"SN","SN1",4,87
"767","PV",2,3,"SN","SN1",3,148
"768","PV",2,4,"SN","SN1",4,176
"769","PV",2,5,"SN","SN1",1,152
"770","PV",2,1,"SN","SN2",2,160
"771","PV",2,2,"SN","SN2",1,98
"772","PV",2,4,"SN","SN2",4,82
"773","PV",2,5,"SN","SN2",1,160
"774","PV",2,1,"SN","SN3",3,208
"775","PV",2,2,"SN","SN3",1,230
"776","PV",2,3,"SN","SN3",2,145
"777","PV",2,5,"SN","SN3",1,87
"778","PV",2,1,"SN","SN4",2,166
"779","PV",2,2,"SN","SN4",1,172
"780","PV",2,5,"SN","SN4",2,144
"781","PV",2,1,"SR","SR2",1,117
"782","PV",2,2,"SR","SR2",1,158
"783","PV",2,3,"SR","SR2",2,196
"784","PV",2,5,"SR","SR2",2,154
"785","PV",2,1,"SR","SR3",3,174
"786","PV",2,3,"SR","SR3",2,104
"787","PV",2,4,"SR","SR3",3,77
"788","PV",2,5,"SR","SR3",4,195
"789","PV",2,1,"VE","VE10",1,228
"790","PV",2,2,"VE","VE10",2,214
"791","PV",2,3,"VE","VE10",1,95
"792","PV",2,4,"VE","VE10",2,60
"793","PV",2,5,"VE","VE10",1,241
"794","PV",2,1,"VE","VE5",1,112
"795","PV",2,2,"VE","VE5",4,140
"796","PV",2,3,"VE","VE5",1,153
"797","PV",2,4,"VE","VE5",1,154
"798","PV",2,5,"VE","VE5",4,116
"799","PV",2,1,"VE","VE7",4,183
"800","PV",2,2,"VE","VE7",2,175
"801","PV",2,3,"VE","VE7",1,225
"802","PV",2,4,"VE","VE7",3,170
"803","PV",2,5,"VE","VE7",4,58
"804","PV",2,1,"VI","VI3",3,88
"805","PV",2,2,"VI","VI3",1,74
"806","PV",2,3,"VI","VI3",3,182
"807","PV",2,4,"VI","VI3",1,223
"808","PV",2,5,"VI","VI3",1,143
"809","PV",2,1,"VI","VI4",1,249
"810","PV",2,2,"VI","VI4",4,68
"811","PV",2,3,"VI","VI4",1,150
"812","PV",2,4,"VI","VI4",1,116
"813","PV",2,5,"VI","VI4",1,126
"814","PV",2,1,"VI","VI5",2,180
"815","PV",2,2,"VI","VI5",2,20
"816","PV",2,3,"VI","VI5",3,181
"817","PV",2,5,"VI","VI5",1,150
"818","PV",2,1,"WL","WL3",3,118
"819","PV",2,2,"WL","WL3",2,71
"820","PV",2,4,"WL","WL3",1,216
"821","PV",2,5,"WL","WL3",2,115
"822","PV",2,6,"WL","WL3",1,90
"823","PV",2,1,"WL","WL8",4,109
"824","PV",2,2,"WL","WL8",4,169
"825","PV",2,3,"WL","WL8",1,136
"826","PV",2,4,"WL","WL8",1,132
"827","PV",2,1,"WV","WV2",1,193
"828","PV",2,2,"WV","WV2",2,139
"829","PV",2,3,"WV","WV2",1,95
"830","PV",2,4,"WV","WV2",1,168
"831","PV",2,5,"WV","WV2",4,236
"832","PV",2,1,"WV","WV6",1,166
"833","PV",2,2,"WV","WV6",3,133
"834","PV",2,3,"WV","WV6",4,179
"835","PV",2,4,"WV","WV6",1,204
"836","PV",2,5,"WV","WV6",1,133
"837","PV",2,1,"ZE","ZE1",2,191
"838","PV",2,2,"ZE","ZE1",1,200
"839","PV",2,3,"ZE","ZE1",3,236
"840","PV",2,4,"ZE","ZE1",1,100
"841","PV",2,5,"ZE","ZE1",3,173
"842","PV",2,1,"ZE","ZE4",4,201
"843","PV",2,2,"ZE","ZE4",4,177
"844","PV",2,3,"ZE","ZE4",2,167
"845","PV",2,4,"ZE","ZE4",3,132
"846","PV",2,5,"ZE","ZE4",1,138
"847","PV",2,1,"ZE","ZE6",4,122
"848","PV",2,2,"ZE","ZE6",4,174
"849","PV",2,3,"ZE","ZE6",1,167
"850","PV",2,4,"ZE","ZE6",1,190
"851","PV",2,5,"ZE","ZE6",1,148
"852","PV",3,1,"AK","AK3",1,168
"853","PV",3,2,"AK","AK3",1,115
"854","PV",3,3,"AK","AK3",4,180
"855","PV",3,4,"AK","AK3",4,158
"856","PV",3,5,"AK","AK3",2,120
"857","PV",3,3,"AK","AK6",1,133
"858","PV",3,4,"AK","AK6",1,15
"859","PV",3,5,"AK","AK6",3,225
"860","PV",3,1,"AK","AK9",1,103
"861","PV",3,2,"AK","AK9",3,120
"862","PV",3,3,"AK","AK9",3,168
"863","PV",3,4,"AK","AK9",4,140
"864","PV",3,5,"AK","AK9",1,197
"865","PV",3,1,"BA","BA2",1,37
"866","PV",3,2,"BA","BA2",3,303
"867","PV",3,3,"BA","BA2",1,71
"868","PV",3,4,"BA","BA2",2,210
"869","PV",3,5,"BA","BA2",3,191
"870","PV",3,1,"BA","BA3",1,186
"871","PV",3,2,"BA","BA3",1,183
"872","PV",3,3,"BA","BA3",1,83
"873","PV",3,5,"BA","BA3",1,139
"874","PV",3,1,"BA","BA5",1,182
"875","PV",3,2,"BA","BA5",1,157
"876","PV",3,3,"BA","BA5",3,138
"877","PV",3,4,"BA","BA5",1,140
"878","PV",3,5,"BA","BA5",2,199
"879","PV",3,1,"BC","BC3",3,133
"880","PV",3,2,"BC","BC3",1,111
"881","PV",3,3,"BC","BC3",1,151
"882","PV",3,4,"BC","BC3",1,149
"883","PV",3,5,"BC","BC3",1,243
"884","PV",3,1,"BC","BC6",1,104
"885","PV",3,2,"BC","BC6",2,196
"886","PV",3,3,"BC","BC6",4,223
"887","PV",3,4,"BC","BC6",1,92
"888","PV",3,5,"BC","BC6",2,136
"889","PV",3,2,"BC","BC8",1,244
"890","PV",3,3,"BC","BC8",1,160
"891","PV",3,4,"BC","BC8",1,141
"892","PV",3,5,"BC","BC8",3,112
"893","PV",3,1,"BK","BK2",4,89
"894","PV",3,2,"BK","BK2",1,216
"895","PV",3,3,"BK","BK2",2,196
"896","PV",3,4,"BK","BK2",1,270
"897","PV",3,5,"BK","BK2",1,127
"898","PV",3,1,"BK","BK3",2,222
"899","PV",3,2,"BK","BK3",3,232
"900","PV",3,4,"BK","BK3",1,62
"901","PV",3,1,"BK","BK5",2,176
"902","PV",3,2,"BK","BK5",2,303
"903","PV",3,5,"BK","BK5",4,132
"904","PV",3,1,"BL","BL1",1,129
"905","PV",3,3,"BL","BL1",1,220
"906","PV",3,4,"BL","BL1",2,58
"907","PV",3,3,"BL","BL2",1,132
"908","PV",3,1,"BL","BL3",2,119
"909","PV",3,2,"BL","BL3",2,199
"910","PV",3,5,"BL","BL3",1,126
"911","PV",3,1,"BR","BR3",1,94
"912","PV",3,2,"BR","BR3",1,203
"913","PV",3,3,"BR","BR3",2,169
"914","PV",3,4,"BR","BR3",4,210
"915","PV",3,5,"BR","BR3",4,121
"916","PV",3,1,"BR","BR7",2,134
"917","PV",3,2,"BR","BR7",1,111
"918","PV",3,3,"BR","BR7",3,104
"919","PV",3,4,"BR","BR7",3,142
"920","PV",3,5,"BR","BR7",2,135
"921","PV",3,1,"CA","CA3",1,188
"922","PV",3,2,"CA","CA3",1,99
"923","PV",3,3,"CA","CA3",4,259
"924","PV",3,4,"CA","CA3",1,89
"925","PV",3,5,"CA","CA3",4,178
"926","PV",3,1,"CA","CA4",2,113
"927","PV",3,2,"CA","CA4",4,178
"928","PV",3,3,"CA","CA4",1,204
"929","PV",3,5,"CA","CA4",3,137
"930","PV",3,2,"CB","CB1",1,60
"931","PV",3,3,"CB","CB1",3,275
"932","PV",3,4,"CB","CB1",1,190
"933","PV",3,5,"CB","CB1",1,91
"934","PV",3,1,"CC","CC2",1,158
"935","PV",3,3,"CC","CC2",3,111
"936","PV",3,5,"CC","CC2",1,158
"937","PV",3,1,"CC","CC4",3,165
"938","PV",3,2,"CC","CC4",2,92
"939","PV",3,3,"CC","CC4",1,80
"940","PV",3,4,"CC","CC4",2,178
"941","PV",3,5,"CC","CC4",1,133
"942","PV",3,1,"CC","CC7",3,208
"943","PV",3,2,"CC","CC7",1,219
"944","PV",3,3,"CC","CC7",4,60
"945","PV",3,1,"CL","CL1",2,162
"946","PV",3,2,"CL","CL1",1,270
"947","PV",3,3,"CL","CL1",1,129
"948","PV",3,5,"CL","CL1",1,140
"949","PV",3,1,"CP","CP24",1,168
"950","PV",3,2,"CP","CP24",3,220
"951","PV",3,3,"CP","CP24",1,160
"952","PV",3,5,"CP","CP24",1,128
"953","PV",3,1,"CP","CP26",1,94
"954","PV",3,4,"CP","CP26",4,21
"955","PV",3,2,"CP","CP9",1,228
"956","PV",3,3,"CP","CP9",4,173
"957","PV",3,5,"CP","CP9",1,185
"958","PV",3,1,"CR","CR2",1,134
"959","PV",3,2,"CR","CR2",3,68
"960","PV",3,3,"CR","CR2",2,154
"961","PV",3,1,"CR","CR3",3,192
"962","PV",3,2,"CR","CR3",1,270
"963","PV",3,3,"CR","CR3",4,143
"964","PV",3,1,"CR","CR4",1,215
"965","PV",3,2,"CR","CR4",4,180
"966","PV",3,3,"CR","CR4",1,89
"967","PV",3,4,"CR","CR4",2,186
"968","PV",3,1,"CY","CY6",2,204
"969","PV",3,2,"CY","CY6",1,193
"970","PV",3,4,"CY","CY6",3,29
"971","PV",3,1,"DE","DE2",3,117
"972","PV",3,3,"DE","DE2",3,168
"973","PV",3,4,"DE","DE2",1,258
"974","PV",3,5,"DE","DE2",1,157
"975","PV",3,1,"DE","DE4",1,17
"976","PV",3,2,"DE","DE4",2,166
"977","PV",3,4,"DE","DE4",1,162
"978","PV",3,1,"DE","DE5",1,105
"979","PV",3,2,"DE","DE5",3,188
"980","PV",3,3,"DE","DE5",1,120
"981","PV",3,4,"DE","DE5",3,131
"982","PV",3,5,"DE","DE5",1,169
"983","PV",3,1,"DE","DE6",2,90
"984","PV",3,2,"DE","DE6",1,78
"985","PV",3,3,"DE","DE6",1,97
"986","PV",3,1,"FB","FB3",2,114
"987","PV",3,2,"FB","FB3",4,131
"988","PV",3,3,"FB","FB3",4,181
"989","PV",3,1,"FB","FB9",1,178
"990","PV",3,2,"FB","FB9",2,1
"991","PV",3,3,"FB","FB9",1,130
"992","PV",3,4,"FB","FB9",2,188
"993","PV",3,5,"FB","FB9",1,213
"994","PV",3,1,"FW","FW10",3,243
"995","PV",3,2,"FW","FW10",2,147
"996","PV",3,3,"FW","FW10",1,258
"997","PV",3,4,"FW","FW10",1,191
"998","PV",3,5,"FW","FW10",1,157
"999","PV",3,1,"FW","FW3",1,283
"1000","PV",3,2,"FW","FW3",1,86
"1001","PV",3,3,"FW","FW3",1,198
"1002","PV",3,4,"FW","FW3",1,139
"1003","PV",3,5,"FW","FW3",1,216
"1004","PV",3,1,"GA","GA1",1,53
"1005","PV",3,4,"GA","GA1",2,100
"1006","PV",3,5,"GA","GA1",2,152
"1007","PV",3,1,"GA","GA2",1,151
"1008","PV",3,3,"GA","GA2",2,145
"1009","PV",3,5,"GA","GA2",4,141
"1010","PV",3,4,"GA","GA3",3,96
"1011","PV",3,1,"GP","GP1",2,129
"1012","PV",3,2,"GP","GP1",1,260
"1013","PV",3,3,"GP","GP1",2,1
"1014","PV",3,4,"GP","GP1",1,137
"1015","PV",3,5,"GP","GP1",2,103
"1016","PV",3,15,"GP","GP2",4,189
"1017","PV",3,16,"GP","GP2",1,136
"1018","PV",3,17,"GP","GP2",1,86
"1019","PV",3,18,"GP","GP2",1,165
"1020","PV",3,19,"GP","GP2",1,193
"1021","PV",3,1,"HC","HC1",1,214
"1022","PV",3,2,"HC","HC1",3,101
"1023","PV",3,3,"HC","HC1",1,132
"1024","PV",3,4,"HC","HC1",2,118
"1025","PV",3,1,"HC","HC2",2,126
"1026","PV",3,5,"HC","HC2",4,40
"1027","PV",3,1,"HP","HP1",2,181
"1028","PV",3,2,"HP","HP1",2,180
"1029","PV",3,4,"HP","HP1",1,191
"1030","PV",3,5,"HP","HP1",1,105
"1031","PV",3,1,"KL","KL10",1,288
"1032","PV",3,3,"KL","KL10",3,71
"1033","PV",3,4,"KL","KL10",3,161
"1034","PV",3,5,"KL","KL10",4,234
"1035","PV",3,1,"KL","KL11",1,98
"1036","PV",3,2,"KL","KL11",1,178
"1037","PV",3,3,"KL","KL11",4,158
"1038","PV",3,4,"KL","KL11",2,189
"1039","PV",3,5,"KL","KL11",4,98
"1040","PV",3,1,"KL","KL12",1,147
"1041","PV",3,2,"KL","KL12",3,232
"1042","PV",3,3,"KL","KL12",1,162
"1043","PV",3,4,"KL","KL12",3,84
"1044","PV",3,5,"KL","KL12",1,273
"1045","PV",3,2,"KL","KL13",4,166
"1046","PV",3,3,"KL","KL13",1,170
"1047","PV",3,4,"KL","KL13",2,111
"1048","PV",3,5,"KL","KL13",1,144
"1049","PV",3,1,"KL","KL14",1,108
"1050","PV",3,2,"KL","KL14",1,192
"1051","PV",3,3,"KL","KL14",4,116
"1052","PV",3,4,"KL","KL14",1,205
"1053","PV",3,5,"KL","KL14",1,117
"1054","PV",3,1,"KL","KL6",2,130
"1055","PV",3,2,"KL","KL6",2,90
"1056","PV",3,5,"KL","KL6",2,174
"1057","PV",3,1,"KL","KL7",2,88
"1058","PV",3,2,"KL","KL7",2,127
"1059","PV",3,4,"KL","KL7",2,153
"1060","PV",3,5,"KL","KL7",4,166
"1061","PV",3,1,"KM","KM1",4,36
"1062","PV",3,2,"KM","KM1",3,207
"1063","PV",3,3,"KM","KM1",3,104
"1064","PV",3,4,"KM","KM1",4,112
"1065","PV",3,5,"KM","KM1",3,221
"1066","PV",3,1,"KM","KM10",2,178
"1067","PV",3,2,"KM","KM10",4,52
"1068","PV",3,3,"KM","KM10",1,71
"1069","PV",3,5,"KM","KM10",4,137
"1070","PV",3,2,"LA","LA10",1,145
"1071","PV",3,4,"LA","LA10",2,130
"1072","PV",3,1,"LA","LA13",2,191
"1073","PV",3,2,"LA","LA13",1,111
"1074","PV",3,3,"LA","LA13",1,125
"1075","PV",3,4,"LA","LA13",1,144
"1076","PV",3,5,"LA","LA13",1,156
"1077","PV",3,1,"LA","LA8",2,98
"1078","PV",3,2,"LA","LA8",1,161
"1079","PV",3,2,"LC","LC1",1,164
"1080","PV",3,3,"LC","LC1",2,237
"1081","PV",3,4,"LC","LC1",3,216
"1082","PV",3,5,"LC","LC1",2,165
"1083","PV",3,3,"LC","LC2",1,219
"1084","PV",3,4,"LC","LC2",2,95
"1085","PV",3,5,"LC","LC2",1,181
"1086","PV",3,1,"OH","OH1",2,103
"1087","PV",3,2,"OH","OH1",2,111
"1088","PV",3,3,"OH","OH1",1,145
"1089","PV",3,5,"OH","OH1",1,46
"1090","PV",3,1,"OK","OK1",1,215
"1091","PV",3,2,"OK","OK1",2,231
"1092","PV",3,3,"OK","OK1",4,186
"1093","PV",3,4,"OK","OK1",3,203
"1094","PV",3,5,"OK","OK1",1,239
"1095","PV",3,1,"OL","OL1",1,82
"1096","PV",3,2,"OL","OL1",1,184
"1097","PV",3,3,"OL","OL1",2,136
"1098","PV",3,4,"OL","OL1",1,97
"1099","PV",3,5,"OL","OL1",1,1
"1100","PV",3,1,"OR","OR1",2,257
"1101","PV",3,2,"OR","OR1",1,235
"1102","PV",3,3,"OR","OR1",1,230
"1103","PV",3,5,"OR","OR1",4,168
"1104","PV",3,1,"PA","PA1",1,119
"1105","PV",3,4,"PA","PA1",1,99
"1106","PV",3,5,"PA","PA1",1,82
"1107","PV",3,1,"PA","PA3",2,117
"1108","PV",3,2,"PA","PA3",1,249
"1109","PV",3,3,"PA","PA3",1,178
"1110","PV",3,4,"PA","PA3",2,134
"1111","PV",3,5,"PA","PA3",1,210
"1112","PV",3,1,"PA","PA4",4,163
"1113","PV",3,2,"PA","PA4",3,148
"1114","PV",3,3,"PA","PA4",3,79
"1115","PV",3,4,"PA","PA4",1,174
"1116","PV",3,5,"PA","PA4",1,104
"1117","PV",3,2,"PF","PF1",2,202
"1118","PV",3,3,"PF","PF1",4,156
"1119","PV",3,1,"PF","PF2",1,135
"1120","PV",3,2,"PF","PF2",2,35
"1121","PV",3,3,"PF","PF2",1,151
"1122","PV",3,4,"PF","PF2",1,180
"1123","PV",3,5,"PF","PF2",1,221
"1124","PV",3,1,"PF","PF4",4,120
"1125","PV",3,2,"PF","PF4",1,226
"1126","PV",3,3,"PF","PF4",1,122
"1127","PV",3,5,"PF","PF4",1,27
"1128","PV",3,1,"PF","PF5",2,140
"1129","PV",3,2,"PF","PF5",4,171
"1130","PV",3,3,"PF","PF5",1,248
"1131","PV",3,4,"PF","PF5",2,177
"1132","PV",3,1,"PL","PL1",1,119
"1133","PV",3,2,"PL","PL1",1,188
"1134","PV",3,3,"PL","PL1",1,149
"1135","PV",3,4,"PL","PL1",1,131
"1136","PV",3,5,"PL","PL1",1,140
"1137","PV",3,1,"PL","PL11",1,118
"1138","PV",3,2,"PL","PL11",1,205
"1139","PV",3,3,"PL","PL11",1,206
"1140","PV",3,5,"PL","PL11",2,229
"1141","PV",3,1,"PL","PL4",2,224
"1142","PV",3,2,"PL","PL4",3,156
"1143","PV",3,4,"PL","PL4",1,117
"1144","PV",3,5,"PL","PL4",1,227
"1145","PV",3,1,"PL","PL7",2,98
"1146","PV",3,2,"PL","PL7",2,173
"1147","PV",3,3,"PL","PL7",4,143
"1148","PV",3,4,"PL","PL7",3,29
"1149","PV",3,5,"PL","PL7",4,212
"1150","PV",3,1,"RA","RA2",2,183
"1151","PV",3,2,"RA","RA2",2,163
"1152","PV",3,3,"RA","RA2",2,181
"1153","PV",3,4,"RA","RA2",3,124
"1154","PV",3,5,"RA","RA2",1,167
"1155","PV",3,1,"RA","RA8",4,155
"1156","PV",3,2,"RA","RA8",2,141
"1157","PV",3,3,"RA","RA8",3,236
"1158","PV",3,4,"RA","RA8",2,236
"1159","PV",3,5,"RA","RA8",4,104
"1160","PV",3,2,"RV","RV3",3,118
"1161","PV",3,5,"RV","RV3",4,215
"1162","PV",3,1,"RV","RV4",3,124
"1163","PV",3,2,"RV","RV4",1,166
"1164","PV",3,4,"RV","RV4",3,215
"1165","PV",3,1,"RV","RV8",3,191
"1166","PV",3,2,"RV","RV8",4,210
"1167","PV",3,3,"RV","RV8",1,100
"1168","PV",3,4,"RV","RV8",2,139
"1169","PV",3,5,"RV","RV8",1,152
"1170","PV",3,3,"SA","SA5",2,184
"1171","PV",3,1,"SA","SA7",1,266
"1172","PV",3,1,"SC","SC4",2,91
"1173","PV",3,3,"SC","SC4",1,251
"1174","PV",3,4,"SC","SC4",3,221
"1175","PV",3,5,"SC","SC4",3,226
"1176","PV",3,1,"SN","SN1",3,84
"1177","PV",3,3,"SN","SN1",3,100
"1178","PV",3,4,"SN","SN1",1,148
"1179","PV",3,5,"SN","SN1",2,190
"1180","PV",3,1,"SN","SN2",1,187
"1181","PV",3,2,"SN","SN2",2,181
"1182","PV",3,3,"SN","SN2",1,189
"1183","PV",3,4,"SN","SN2",1,157
"1184","PV",3,5,"SN","SN2",1,128
"1185","PV",3,2,"SN","SN3",4,136
"1186","PV",3,3,"SN","SN3",2,135
"1187","PV",3,4,"SN","SN3",1,197
"1188","PV",3,5,"SN","SN3",1,112
"1189","PV",3,1,"SN","SN4",2,71
"1190","PV",3,2,"SN","SN4",1,163
"1191","PV",3,3,"SN","SN4",4,168
"1192","PV",3,5,"SN","SN4",1,89
"1193","PV",3,1,"SR","SR2",3,141
"1194","PV",3,2,"SR","SR2",1,287
"1195","PV",3,3,"SR","SR2",2,228
"1196","PV",3,4,"SR","SR2",1,111
"1197","PV",3,5,"SR","SR2",3,164
"1198","PV",3,1,"SR","SR3",2,170
"1199","PV",3,2,"SR","SR3",3,79
"1200","PV",3,3,"SR","SR3",4,91
"1201","PV",3,4,"SR","SR3",1,74
"1202","PV",3,5,"SR","SR3",1,174
"1203","PV",3,1,"VE","VE10",2,171
"1204","PV",3,2,"VE","VE10",2,88
"1205","PV",3,3,"VE","VE10",2,172
"1206","PV",3,4,"VE","VE10",2,176
"1207","PV",3,5,"VE","VE10",1,197
"1208","PV",3,1,"VE","VE5",2,85
"1209","PV",3,2,"VE","VE5",1,229
"1210","PV",3,3,"VE","VE5",1,249
"1211","PV",3,4,"VE","VE5",1,233
"1212","PV",3,5,"VE","VE5",3,139
"1213","PV",3,1,"VE","VE7",1,208
"1214","PV",3,2,"VE","VE7",2,157
"1215","PV",3,3,"VE","VE7",2,262
"1216","PV",3,4,"VE","VE7",1,195
"1217","PV",3,5,"VE","VE7",3,203
"1218","PV",3,1,"VI","VI3",4,225
"1219","PV",3,2,"VI","VI3",1,140
"1220","PV",3,3,"VI","VI3",4,134
"1221","PV",3,4,"VI","VI3",1,141
"1222","PV",3,5,"VI","VI3",1,111
"1223","PV",3,1,"VI","VI4",1,35
"1224","PV",3,2,"VI","VI4",1,181
"1225","PV",3,3,"VI","VI4",1,215
"1226","PV",3,4,"VI","VI4",4,98
"1227","PV",3,5,"VI","VI4",2,188
"1228","PV",3,1,"VI","VI5",1,106
"1229","PV",3,2,"VI","VI5",1,142
"1230","PV",3,3,"VI","VI5",4,91
"1231","PV",3,4,"VI","VI5",1,151
"1232","PV",3,5,"VI","VI5",1,121
"1233","PV",3,1,"WL","WL3",3,142
"1234","PV",3,2,"WL","WL3",3,126
"1235","PV",3,3,"WL","WL3",1,204
"1236","PV",3,4,"WL","WL3",1,120
"1237","PV",3,5,"WL","WL3",4,77
"1238","PV",3,1,"WL","WL8",1,201
"1239","PV",3,2,"WL","WL8",1,107
"1240","PV",3,3,"WL","WL8",4,103
"1241","PV",3,4,"WL","WL8",4,193
"1242","PV",3,5,"WL","WL8",1,177
"1243","PV",3,1,"WV","WV2",4,164
"1244","PV",3,2,"WV","WV2",1,205
"1245","PV",3,3,"WV","WV2",1,199
"1246","PV",3,4,"WV","WV2",2,166
"1247","PV",3,5,"WV","WV2",3,194
"1248","PV",3,1,"WV","WV6",1,174
"1249","PV",3,3,"WV","WV6",1,186
"1250","PV",3,4,"WV","WV6",1,132
"1251","PV",3,1,"ZE","ZE1",3,115
"1252","PV",3,2,"ZE","ZE1",1,134
"1253","PV",3,3,"ZE","ZE1",3,124
"1254","PV",3,5,"ZE","ZE1",2,117
"1255","PV",3,1,"ZE","ZE4",1,134
"1256","PV",3,2,"ZE","ZE4",2,103
"1257","PV",3,3,"ZE","ZE4",3,151
"1258","PV",3,4,"ZE","ZE4",2,116
"1259","PV",3,5,"ZE","ZE4",2,219
"1260","PV",3,1,"ZE","ZE6",1,166
"1261","PV",3,2,"ZE","ZE6",2,107
"1262","PV",3,4,"ZE","ZE6",1,318
"1263","PV",3,5,"ZE","ZE6",3,194
"1264","PV",4,1,"AK","AK3",2,34
"1265","PV",4,2,"AK","AK3",2,155
"1266","PV",4,3,"AK","AK3",3,174
"1267","PV",4,4,"AK","AK3",1,149
"1268","PV",4,5,"AK","AK3",4,33
"1269","PV",4,1,"AK","AK6",2,188
"1270","PV",4,3,"AK","AK6",4,182
"1271","PV",4,5,"AK","AK6",3,272
"1272","PV",4,6,"AK","AK6",1,263
"1273","PV",4,1,"AK","AK9",1,130
"1274","PV",4,2,"AK","AK9",4,151
"1275","PV",4,3,"AK","AK9",2,149
"1276","PV",4,1,"BA","BA2",3,282
"1277","PV",4,2,"BA","BA2",3,104
"1278","PV",4,3,"BA","BA2",2,243
"1279","PV",4,4,"BA","BA2",1,95
"1280","PV",4,5,"BA","BA2",1,158
"1281","PV",4,1,"BA","BA3",1,242
"1282","PV",4,2,"BA","BA3",2,172
"1283","PV",4,3,"BA","BA3",3,134
"1284","PV",4,4,"BA","BA3",1,151
"1285","PV",4,1,"BA","BA5",2,104
"1286","PV",4,2,"BA","BA5",1,153
"1287","PV",4,3,"BA","BA5",2,242
"1288","PV",4,4,"BA","BA5",2,101
"1289","PV",4,5,"BA","BA5",1,171
"1290","PV",4,2,"BC","BC3",2,60
"1291","PV",4,3,"BC","BC3",2,49
"1292","PV",4,4,"BC","BC3",1,85
"1293","PV",4,1,"BC","BC6",1,78
"1294","PV",4,3,"BC","BC6",1,142
"1295","PV",4,4,"BC","BC6",2,127
"1296","PV",4,1,"BC","BC8",1,228
"1297","PV",4,2,"BC","BC8",1,212
"1298","PV",4,3,"BC","BC8",3,194
"1299","PV",4,4,"BC","BC8",3,132
"1300","PV",4,1,"BK","BK2",4,149
"1301","PV",4,2,"BK","BK2",1,119
"1302","PV",4,3,"BK","BK2",3,184
"1303","PV",4,4,"BK","BK2",3,94
"1304","PV",4,5,"BK","BK2",1,284
"1305","PV",4,1,"BK","BK3",2,107
"1306","PV",4,4,"BK","BK3",2,149
"1307","PV",4,1,"BK","BK5",1,85
"1308","PV",4,3,"BK","BK5",3,212
"1309","PV",4,3,"BL","BL1",1,176
"1310","PV",4,4,"BL","BL1",1,138
"1311","PV",4,1,"BL","BL2",3,215
"1312","PV",4,3,"BL","BL2",1,140
"1313","PV",4,1,"BL","BL3",1,192
"1314","PV",4,2,"BL","BL3",1,202
"1315","PV",4,3,"BL","BL3",1,104
"1316","PV",4,4,"BL","BL3",4,183
"1317","PV",4,5,"BL","BL3",1,149
"1318","PV",4,1,"BR","BR3",2,169
"1319","PV",4,2,"BR","BR3",4,160
"1320","PV",4,3,"BR","BR3",1,175
"1321","PV",4,2,"BR","BR7",1,167
"1322","PV",4,3,"BR","BR7",3,190
"1323","PV",4,4,"BR","BR7",4,74
"1324","PV",4,1,"CA","CA3",2,158
"1325","PV",4,2,"CA","CA3",1,192
"1326","PV",4,3,"CA","CA3",3,69
"1327","PV",4,4,"CA","CA3",2,129
"1328","PV",4,5,"CA","CA3",1,99
"1329","PV",4,1,"CA","CA4",1,178
"1330","PV",4,2,"CA","CA4",1,114
"1331","PV",4,4,"CA","CA4",1,147
"1332","PV",4,2,"CB","CB1",1,79
"1333","PV",4,3,"CB","CB1",1,192
"1334","PV",4,4,"CB","CB1",4,58
"1335","PV",4,5,"CB","CB1",3,162
"1336","PV",4,1,"CC","CC2",2,75
"1337","PV",4,2,"CC","CC2",2,114
"1338","PV",4,3,"CC","CC2",1,168
"1339","PV",4,4,"CC","CC2",4,75
"1340","PV",4,5,"CC","CC2",3,218
"1341","PV",4,2,"CC","CC4",1,176
"1342","PV",4,3,"CC","CC4",1,149
"1343","PV",4,4,"CC","CC4",1,234
"1344","PV",4,1,"CC","CC7",1,74
"1345","PV",4,2,"CC","CC7",1,66
"1346","PV",4,3,"CC","CC7",4,46
"1347","PV",4,4,"CC","CC7",1,334
"1348","PV",4,5,"CC","CC7",4,133
"1349","PV",4,1,"CL","CL1",1,217
"1350","PV",4,3,"CL","CL1",3,139
"1351","PV",4,4,"CL","CL1",1,121
"1352","PV",4,5,"CL","CL1",1,133
"1353","PV",4,1,"CP","CP24",2,212
"1354","PV",4,2,"CP","CP24",1,145
"1355","PV",4,3,"CP","CP24",1,133
"1356","PV",4,3,"CP","CP26",3,186
"1357","PV",4,4,"CP","CP26",3,181
"1358","PV",4,1,"CP","CP9",1,125
"1359","PV",4,1,"CR","CR2",1,172
"1360","PV",4,2,"CR","CR2",1,140
"1361","PV",4,4,"CR","CR2",1,128
"1362","PV",4,5,"CR","CR2",1,223
"1363","PV",4,1,"CR","CR3",1,103
"1364","PV",4,2,"CR","CR3",1,181
"1365","PV",4,4,"CR","CR3",2,301
"1366","PV",4,1,"CR","CR4",1,156
"1367","PV",4,2,"CR","CR4",1,159
"1368","PV",4,3,"CR","CR4",1,147
"1369","PV",4,4,"CR","CR4",3,158
"1370","PV",4,5,"CR","CR4",2,48
"1371","PV",4,1,"CY","CY6",3,71
"1372","PV",4,2,"CY","CY6",1,150
"1373","PV",4,3,"CY","CY6",1,137
"1374","PV",4,4,"CY","CY6",1,154
"1375","PV",4,1,"DE","DE2",1,125
"1376","PV",4,2,"DE","DE2",4,161
"1377","PV",4,3,"DE","DE2",1,119
"1378","PV",4,4,"DE","DE2",3,92
"1379","PV",4,5,"DE","DE2",2,192
"1380","PV",4,1,"DE","DE4",2,165
"1381","PV",4,1,"DE","DE5",1,20
"1382","PV",4,2,"DE","DE5",3,153
"1383","PV",4,4,"DE","DE5",1,194
"1384","PV",4,5,"DE","DE5",4,235
"1385","PV",4,1,"DE","DE6",1,147
"1386","PV",4,2,"DE","DE6",2,189
"1387","PV",4,3,"DE","DE6",2,123
"1388","PV",4,4,"DE","DE6",1,147
"1389","PV",4,1,"FB","FB3",1,157
"1390","PV",4,3,"FB","FB3",1,138
"1391","PV",4,4,"FB","FB3",1,163
"1392","PV",4,5,"FB","FB3",1,148
"1393","PV",4,1,"FB","FB9",1,50
"1394","PV",4,2,"FB","FB9",3,156
"1395","PV",4,3,"FB","FB9",2,186
"1396","PV",4,4,"FB","FB9",4,62
"1397","PV",4,5,"FB","FB9",1,87
"1398","PV",4,1,"FW","FW10",1,228
"1399","PV",4,2,"FW","FW10",1,172
"1400","PV",4,4,"FW","FW10",3,163
"1401","PV",4,5,"FW","FW10",4,140
"1402","PV",4,2,"FW","FW3",1,281
"1403","PV",4,3,"FW","FW3",1,173
"1404","PV",4,4,"FW","FW3",3,121
"1405","PV",4,5,"FW","FW3",2,159
"1406","PV",4,1,"GA","GA1",1,193
"1407","PV",4,2,"GA","GA1",1,311
"1408","PV",4,3,"GA","GA1",1,125
"1409","PV",4,4,"GA","GA1",2,143
"1410","PV",4,1,"GA","GA2",4,68
"1411","PV",4,3,"GA","GA2",4,96
"1412","PV",4,1,"GA","GA3",2,35
"1413","PV",4,4,"GA","GA3",4,133
"1414","PV",4,5,"GA","GA3",2,179
"1415","PV",4,1,"GP","GP1",1,216
"1416","PV",4,3,"GP","GP1",1,118
"1417","PV",4,4,"GP","GP1",1,113
"1418","PV",4,5,"GP","GP1",1,203
"1419","PV",4,21,"GP","GP2",4,157
"1420","PV",4,22,"GP","GP2",2,172
"1421","PV",4,23,"GP","GP2",1,102
"1422","PV",4,24,"GP","GP2",4,187
"1423","PV",4,2,"HC","HC1",4,136
"1424","PV",4,3,"HC","HC1",1,173
"1425","PV",4,5,"HC","HC1",1,154
"1426","PV",4,1,"HC","HC2",1,157
"1427","PV",4,2,"HC","HC2",1,159
"1428","PV",4,3,"HC","HC2",4,171
"1429","PV",4,5,"HC","HC2",3,71
"1430","PV",4,2,"HP","HP1",1,140
"1431","PV",4,3,"HP","HP1",3,142
"1432","PV",4,4,"HP","HP1",2,70
"1433","PV",4,5,"HP","HP1",3,164
"1434","PV",4,2,"KL","KL10",4,320
"1435","PV",4,3,"KL","KL10",1,155
"1436","PV",4,4,"KL","KL10",2,184
"1437","PV",4,1,"KL","KL11",2,133
"1438","PV",4,2,"KL","KL11",3,154
"1439","PV",4,3,"KL","KL11",4,81
"1440","PV",4,4,"KL","KL11",1,257
"1441","PV",4,5,"KL","KL11",1,233
"1442","PV",4,2,"KL","KL12",3,234
"1443","PV",4,3,"KL","KL12",4,240
"1444","PV",4,4,"KL","KL12",2,97
"1445","PV",4,1,"KL","KL13",2,128
"1446","PV",4,2,"KL","KL13",2,198
"1447","PV",4,3,"KL","KL13",1,126
"1448","PV",4,4,"KL","KL13",1,45
"1449","PV",4,2,"KL","KL14",3,155
"1450","PV",4,3,"KL","KL14",2,61
"1451","PV",4,5,"KL","KL14",2,128
"1452","PV",4,3,"KL","KL6",1,96
"1453","PV",4,5,"KL","KL6",2,160
"1454","PV",4,1,"KL","KL7",1,86
"1455","PV",4,2,"KL","KL7",3,170
"1456","PV",4,3,"KL","KL7",2,64
"1457","PV",4,4,"KL","KL7",4,200
"1458","PV",4,5,"KL","KL7",2,164
"1459","PV",4,1,"KM","KM1",2,198
"1460","PV",4,3,"KM","KM1",1,101
"1461","PV",4,4,"KM","KM1",1,110
"1462","PV",4,5,"KM","KM1",1,166
"1463","PV",4,1,"KM","KM10",2,156
"1464","PV",4,2,"KM","KM10",3,200
"1465","PV",4,4,"KM","KM10",1,220
"1466","PV",4,5,"KM","KM10",1,213
"1467","PV",4,2,"LA","LA10",3,181
"1468","PV",4,5,"LA","LA10",3,120
"1469","PV",4,1,"LA","LA13",1,204
"1470","PV",4,2,"LA","LA13",3,140
"1471","PV",4,5,"LA","LA13",1,51
"1472","PV",4,1,"LA","LA5",4,193
"1473","PV",4,5,"LA","LA5",1,183
"1474","PV",4,2,"LA","LA8",1,148
"1475","PV",4,4,"LA","LA8",3,201
"1476","PV",4,5,"LA","LA8",1,105
"1477","PV",4,1,"LC","LC1",3,120
"1478","PV",4,2,"LC","LC1",1,150
"1479","PV",4,3,"LC","LC1",1,186
"1480","PV",4,4,"LC","LC1",1,152
"1481","PV",4,5,"LC","LC1",1,116
"1482","PV",4,2,"LC","LC2",1,200
"1483","PV",4,5,"LC","LC2",1,166
"1484","PV",4,2,"OH","OH1",2,51
"1485","PV",4,3,"OH","OH1",2,94
"1486","PV",4,4,"OH","OH1",1,171
"1487","PV",4,5,"OH","OH1",1,96
"1488","PV",4,1,"OK","OK1",1,117
"1489","PV",4,2,"OK","OK1",3,126
"1490","PV",4,3,"OK","OK1",1,90
"1491","PV",4,4,"OK","OK1",2,135
"1492","PV",4,5,"OK","OK1",1,198
"1493","PV",4,1,"OL","OL1",1,237
"1494","PV",4,2,"OL","OL1",3,63
"1495","PV",4,3,"OL","OL1",1,201
"1496","PV",4,5,"OL","OL1",2,129
"1497","PV",4,1,"OR","OR1",1,210
"1498","PV",4,2,"OR","OR1",1,146
"1499","PV",4,3,"OR","OR1",2,183
"1500","PV",4,4,"OR","OR1",1,188
"1501","PV",4,5,"OR","OR1",1,214
"1502","PV",4,2,"PA","PA1",4,201
"1503","PV",4,4,"PA","PA1",2,94
"1504","PV",4,1,"PA","PA3",1,110
"1505","PV",4,2,"PA","PA3",4,165
"1506","PV",4,4,"PA","PA3",3,235
"1507","PV",4,5,"PA","PA3",3,142
"1508","PV",4,1,"PA","PA4",2,187
"1509","PV",4,2,"PA","PA4",1,115
"1510","PV",4,3,"PA","PA4",1,51
"1511","PV",4,4,"PA","PA4",1,173
"1512","PV",4,5,"PA","PA4",2,66
"1513","PV",4,1,"PF","PF1",2,115
"1514","PV",4,2,"PF","PF1",4,198
"1515","PV",4,3,"PF","PF1",1,113
"1516","PV",4,4,"PF","PF1",2,203
"1517","PV",4,5,"PF","PF1",2,108
"1518","PV",4,1,"PF","PF2",1,137
"1519","PV",4,2,"PF","PF2",1,133
"1520","PV",4,3,"PF","PF2",1,167
"1521","PV",4,4,"PF","PF2",3,172
"1522","PV",4,1,"PF","PF5",1,126
"1523","PV",4,3,"PF","PF5",1,129
"1524","PV",4,1,"PL","PL1",1,190
"1525","PV",4,2,"PL","PL1",1,139
"1526","PV",4,3,"PL","PL1",2,209
"1527","PV",4,4,"PL","PL1",2,157
"1528","PV",4,5,"PL","PL1",2,164
"1529","PV",4,6,"PL","PL1",4,162
"1530","PV",4,1,"PL","PL11",3,176
"1531","PV",4,4,"PL","PL11",3,230
"1532","PV",4,3,"PL","PL4",3,94
"1533","PV",4,4,"PL","PL4",1,230
"1534","PV",4,5,"PL","PL4",2,73
"1535","PV",4,1,"PL","PL7",1,40
"1536","PV",4,2,"PL","PL7",1,154
"1537","PV",4,3,"PL","PL7",1,144
"1538","PV",4,4,"PL","PL7",1,193
"1539","PV",4,5,"PL","PL7",4,255
"1540","PV",4,1,"RA","RA2",1,230
"1541","PV",4,2,"RA","RA2",4,148
"1542","PV",4,3,"RA","RA2",2,64
"1543","PV",4,5,"RA","RA2",1,201
"1544","PV",4,1,"RA","RA8",1,167
"1545","PV",4,3,"RA","RA8",1,123
"1546","PV",4,4,"RA","RA8",1,181
"1547","PV",4,5,"RA","RA8",1,80
"1548","PV",4,2,"RV","RV3",1,211
"1549","PV",4,3,"RV","RV3",2,150
"1550","PV",4,5,"RV","RV3",2,152
"1551","PV",4,1,"RV","RV4",1,244
"1552","PV",4,2,"RV","RV4",2,149
"1553","PV",4,3,"RV","RV4",1,161
"1554","PV",4,4,"RV","RV4",2,239
"1555","PV",4,5,"RV","RV4",1,139
"1556","PV",4,1,"RV","RV8",1,207
"1557","PV",4,2,"RV","RV8",1,108
"1558","PV",4,3,"RV","RV8",2,212
"1559","PV",4,4,"RV","RV8",4,211
"1560","PV",4,2,"SA","SA5",4,188
"1561","PV",4,1,"SA","SA7",3,231
"1562","PV",4,4,"SA","SA8",2,139
"1563","PV",4,1,"SC","SC4",1,245
"1564","PV",4,4,"SC","SC4",1,209
"1565","PV",4,5,"SC","SC4",2,172
"1566","PV",4,2,"SN","SN1",1,115
"1567","PV",4,3,"SN","SN1",3,262
"1568","PV",4,4,"SN","SN1",2,182
"1569","PV",4,5,"SN","SN1",1,110
"1570","PV",4,1,"SN","SN2",1,145
"1571","PV",4,2,"SN","SN2",1,222
"1572","PV",4,3,"SN","SN2",1,194
"1573","PV",4,4,"SN","SN2",3,213
"1574","PV",4,1,"SN","SN3",1,154
"1575","PV",4,2,"SN","SN3",2,137
"1576","PV",4,4,"SN","SN3",1,191
"1577","PV",4,2,"SN","SN4",1,167
"1578","PV",4,3,"SN","SN4",3,160
"1579","PV",4,4,"SN","SN4",4,243
"1580","PV",4,5,"SN","SN4",1,201
"1581","PV",4,1,"SR","SR2",1,164
"1582","PV",4,2,"SR","SR2",3,222
"1583","PV",4,4,"SR","SR2",1,82
"1584","PV",4,5,"SR","SR2",1,139
"1585","PV",4,1,"SR","SR3",2,146
"1586","PV",4,3,"SR","SR3",3,114
"1587","PV",4,4,"SR","SR3",1,107
"1588","PV",4,5,"SR","SR3",1,142
"1589","PV",4,1,"VE","VE10",1,146
"1590","PV",4,2,"VE","VE10",1,139
"1591","PV",4,3,"VE","VE10",1,118
"1592","PV",4,4,"VE","VE10",1,145
"1593","PV",4,5,"VE","VE10",2,238
"1594","PV",4,1,"VE","VE5",1,185
"1595","PV",4,2,"VE","VE5",1,242
"1596","PV",4,3,"VE","VE5",1,222
"1597","PV",4,5,"VE","VE5",1,151
"1598","PV",4,1,"VE","VE7",1,134
"1599","PV",4,3,"VE","VE7",1,110
"1600","PV",4,4,"VE","VE7",1,183
"1601","PV",4,5,"VE","VE7",1,70
"1602","PV",4,2,"VI","VI3",1,265
"1603","PV",4,3,"VI","VI3",4,115
"1604","PV",4,4,"VI","VI3",1,107
"1605","PV",4,5,"VI","VI3",1,178
"1606","PV",4,1,"VI","VI4",1,133
"1607","PV",4,2,"VI","VI4",1,137
"1608","PV",4,4,"VI","VI4",2,177
"1609","PV",4,5,"VI","VI4",1,180
"1610","PV",4,1,"VI","VI5",1,124
"1611","PV",4,2,"VI","VI5",2,140
"1612","PV",4,3,"VI","VI5",3,84
"1613","PV",4,4,"VI","VI5",3,179
"1614","PV",4,5,"VI","VI5",1,154
"1615","PV",4,1,"WL","WL3",2,168
"1616","PV",4,2,"WL","WL3",1,248
"1617","PV",4,3,"WL","WL3",3,128
"1618","PV",4,5,"WL","WL3",1,209
"1619","PV",4,1,"WL","WL8",1,169
"1620","PV",4,2,"WL","WL8",2,83
"1621","PV",4,3,"WL","WL8",2,141
"1622","PV",4,4,"WL","WL8",4,142
"1623","PV",4,5,"WL","WL8",1,174
"1624","PV",4,1,"WV","WV2",1,86
"1625","PV",4,2,"WV","WV2",1,242
"1626","PV",4,3,"WV","WV2",1,194
"1627","PV",4,4,"WV","WV2",3,109
"1628","PV",4,5,"WV","WV2",1,132
"1629","PV",4,1,"WV","WV6",1,88
"1630","PV",4,2,"WV","WV6",1,101
"1631","PV",4,4,"WV","WV6",3,113
"1632","PV",4,5,"WV","WV6",1,195
"1633","PV",4,1,"ZE","ZE1",3,264
"1634","PV",4,2,"ZE","ZE1",3,201
"1635","PV",4,3,"ZE","ZE1",2,21
"1636","PV",4,4,"ZE","ZE1",2,126
"1637","PV",4,5,"ZE","ZE1",1,244
"1638","PV",4,1,"ZE","ZE4",1,160
"1639","PV",4,2,"ZE","ZE4",1,28
"1640","PV",4,3,"ZE","ZE4",4,165
"1641","PV",4,4,"ZE","ZE4",2,80
"1642","PV",4,5,"ZE","ZE4",3,216
"1643","PV",4,1,"ZE","ZE6",1,147
"1644","PV",4,2,"ZE","ZE6",1,120
"1645","PV",4,3,"ZE","ZE6",1,112
"1646","PV",4,4,"ZE","ZE6",2,170
"1647","PV",4,5,"ZE","ZE6",4,187
"1648","PV",4,1,"KL","KL12",3,149
"1649","PV",3,1,"SA","SA8",1,214
"1650","PV",1,1,"LA","LA5",2,270
"1651","PV",1,1,"SA","SA5",4,182
"1652","PV",2,1,"PL","PL11",1,173
"1653","PV",2,1,"KL","KL13",3,165
"1654","PV",2,1,"BR","BR7",3,71
"1655","PV",3,1,"LC","LC1",2,68
"1656","PV",4,1,"BC","BC3",1,184
"1657","PV",3,1,"LA","LA5",1,81
"1658","PV",2,1,"BK","BK5",1,99
"1659","PV",2,1,"DE","DE2",1,270
"1660","PV",2,2,"BL","BL2",1,138
"1661","PV",2,1,"LA","LA5",1,171
"1662","PV",3,1,"RV","RV3",2,187
"1663","PV",3,1,"LA","LA10",1,44
"1664","PV",4,1,"LA","LA10",2,105
"1665","PV",4,1,"FW","FW3",4,77
"1666","PV",4,1,"RV","RV3",4,76
"1667","PV",4,1,"PA","PA1",1,335
"1668","PV",3,1,"CP","CP9",4,145
"1669","PV",1,2,"SR","SR3",1,145
"1670","PV",1,1,"SR","SR2",1,108
"1671","PV",1,2,"GP","GP1",1,188
"1672","PV",2,1,"RV","RV3",1,1
"1673","PV",3,1,"KL","KL13",2,231
"1674","PV",4,2,"BK","BK3",3,84
"1675","PV",4,1,"HP","HP1",1,152
"1676","PV",4,2,"RA","RA8",1,146
"1677","PV",4,1,"SA","SA5",3,87
"1678","PV",4,1,"SA","SA8",3,190
"1679","PV",2,1,"PA","PA1",3,260
"1680","PV",1,2,"SN","SN3",1,75
"1681","PV",1,1,"SA","SA8",1,211
"1682","PV",2,1,"SA","SA5",1,155
"1683","PV",4,1,"HC","HC1",1,154
"1684","PV",4,2,"GA","GA3",2,184
"1685","PV",2,2,"BL","BL3",4,104
"1686","PV",1,3,"SN","SN3",1,181
"1687","PV",2,2,"BK","BK3",1,199
"1688","PV",3,1,"LC","LC2",4,148
"1689","PV",4,1,"CP","CP26",3,243
"1690","PV",4,1,"SN","SN1",1,145
"1691","PV",4,3,"LC","LC2",1,197
"1692","PV",3,1,"CB","CB1",2,108
"1693","PV",2,2,"SA","SA8",1,212
"1694","PV",2,1,"BL","BL1",4,169
"1695","PV",1,2,"SA","SA5",1,141
"1696","PV",2,3,"CP","CP24",1,146
"1697","PV",2,3,"GA","GA3",4,94
"1698","PV",2,3,"BL","BL2",2,68
"1699","PV",3,1,"GA","GA3",2,142
"1700","PV",4,2,"PF","PF5",1,72
"1701","PV",4,1,"KL","KL6",2,177
"1702","PV",4,1,"LA","LA8",3,117
"1703","PV",4,3,"PA","PA1",2,188
"1704","PV",4,3,"SA","SA8",1,151
"1705","PV",4,2,"VE","VE7",2,175
"1706","PV",4,3,"SN","SN3",3,221
"1707","PV",4,4,"SA","SA5",1,132
"1708","PV",4,2,"GA","GA2",1,204
"1709","PV",4,2,"BC","BC6",4,129
"1710","PV",4,1,"CB","CB1",1,180
"1711","PV",4,1,"CC","CC4",1,211
"1712","PV",1,2,"SC","SC4",2,112
"1713","PV",1,3,"SN","SN2",3,216
"1714","PV",1,2,"BL","BL1",1,150
"1715","PV",1,2,"AK","AK9",1,199
"1716","PV",2,2,"CC","CC7",1,57
"1717","PV",3,1,"BL","BL2",1,102
"1718","PV",3,2,"SA","SA8",1,44
"1719","PV",4,3,"DE","DE5",1,163
"1720","PV",4,3,"CR","CR2",1,146
"1721","PV",3,1,"SA","SA5",1,97
"1722","PV",3,3,"BL","BL3",3,166
"1723","PV",2,2,"SR","SR3",2,143
"1724","PV",2,3,"PL","PL4",1,271
"1725","PV",1,1,"LA","LA8",4,136
"1726","PV",1,1,"SA","SA7",1,174
"1727","PV",1,2,"BK","BK5",1,272
"1728","PV",1,3,"SA","SA5",3,151
"1729","PV",1,2,"GA","GA3",3,210
"1730","PV",1,1,"CR","CR3",1,84
"1731","PV",2,2,"LA","LA5",1,162
"1732","PV",2,4,"VI","VI5",1,163
"1733","PV",2,4,"SR","SR2",2,111
"1734","PV",3,3,"LA","LA10",1,113
"1735","PV",3,3,"BK","BK5",2,104
"1736","PV",3,3,"GA","GA1",2,230
"1737","PV",3,3,"SA","SA8",1,238
"1738","PV",4,4,"LC","LC2",1,128
"1739","PV",3,2,"WV","WV6",1,112
"1740","PV",3,3,"RV","RV4",3,188
"1741","PV",2,3,"BC","BC6",1,129
"1742","PV",2,3,"WL","WL3",1,122
"1743","PV",2,2,"SA","SA7",2,77
"1744","PV",1,2,"BL","BL2",1,138
"1745","PV",1,4,"GP","GP1",1,235
"1746","PV",1,1,"BK","BK3",1,75
"1747","PV",2,3,"SN","SN2",3,135
"1748","PV",4,2,"BK","BK5",1,227
"1749","PV",4,2,"FB","FB3",1,228
"1750","PV",3,3,"RV","RV3",3,181
"1751","PV",3,2,"DE","DE2",1,134
"1752","PV",3,2,"HC","HC2",1,175
"1753","PV",1,2,"LA","LA5",1,156
"1754","PV",2,4,"LC","LC1",1,169
"1755","PV",3,2,"PA","PA1",2,240
"1756","PV",3,1,"SN","SN3",1,95
"1757","PV",4,4,"BL","BL2",4,256
"1758","PV",4,3,"LA","LA10",1,172
"1759","PV",4,3,"SC","SC4",2,168
"1760","PV",3,2,"SA","SA5",2,148
"1761","PV",3,2,"AK","AK6",2,172
"1762","PV",2,1,"OL","OL1",1,217
"1763","PV",2,4,"HP","HP1",3,246
"1764","PV",1,4,"PA","PA1",3,88
"1765","PV",1,2,"DE","DE5",1,110
"1766","PV",2,2,"PF","PF5",1,150
"1767","PV",2,3,"SN","SN4",1,222
"1768","PV",2,2,"PA","PA1",2,126
"1769","PV",4,2,"SR","SR3",1,118
"1770","PV",2,2,"DE","DE2",1,105
"1771","PV",2,4,"KL","KL14",3,117
"1772","PV",2,4,"SN","SN3",1,110
"1773","PV",1,2,"CC","CC7",1,154
"1774","PV",1,4,"RV","RV4",1,151
"1775","PV",2,5,"HP","HP1",1,218
"1776","PV",2,3,"PL","PL7",4,115
"1777","PV",3,3,"SA","SA7",1,160
"1778","PV",3,5,"LA","LA10",1,204
"1779","PV",2,4,"SC","SC4",4,242
"1780","PV",2,3,"SA","SA5",2,113
"1781","PV",4,3,"CP","CP9",1,39
"1782","PV",4,5,"SA","SA8",3,153
"1783","PV",4,2,"LA","LA5",3,130
"1784","PV",4,3,"WV","WV6",4,60
"1785","PV",4,4,"HC","HC2",1,123
"1786","PV",3,2,"GA","GA2",2,157
"1787","PV",3,4,"RV","RV3",4,129
"1788","PV",2,3,"PL","PL1",2,70
"1789","PV",2,4,"SA","SA8",1,137
"1790","PV",1,2,"SA","SA8",4,107
"1791","PV",1,4,"SA","SA5",1,105
"1792","PV",1,3,"BK","BK2",1,215
"1793","PV",2,3,"SA","SA7",1,225
"1794","PV",2,3,"LA","LA5",3,174
"1795","PV",2,4,"CP","CP26",1,140
"1796","PV",3,4,"SA","SA8",1,187
"1797","PV",3,3,"HP","HP1",1,75
"1798","PV",4,4,"BK","BK5",1,55
"1799","PV",4,3,"SR","SR2",1,133
"1800","PV",3,3,"HC","HC2",4,165
"1801","PV",3,3,"CY","CY6",3,207
"1802","PV",2,4,"BL","BL3",4,133
"1803","PV",2,5,"GA","GA3",2,142
"1804","PV",1,4,"HP","HP1",2,142
"1805","PV",1,2,"LC","LC2",4,252
"1806","PV",1,4,"SA","SA7",1,176
"1807","PV",1,3,"LA","LA10",1,156
"1808","PV",3,3,"ZE","ZE6",1,182
"1809","PV",4,4,"WL","WL3",1,116
"1810","PV",4,3,"LA","LA8",1,234
"1811","PV",4,3,"SA","SA7",4,124
"1812","PV",1,3,"KL","KL10",2,102
"1813","PV",2,4,"SA","SA5",1,269
"1814","PV",4,3,"LA","LA5",1,62
"1815","PV",4,3,"FW","FW10",3,218
"1816","PV",3,2,"SN","SN1",1,191
"1817","PV",3,4,"CA","CA4",1,134
"1818","PV",2,3,"HC","HC1",1,188
"1819","PV",1,5,"LA","LA13",2,112
"1820","PV",3,3,"GA","GA3",2,99
"1821","PV",3,5,"SA","SA8",1,144
"1822","PV",3,4,"OH","OH1",2,236
"1823","PV",4,3,"CR","CR3",1,207
"1824","PV",3,4,"GA","GA2",4,187
"1825","PV",2,4,"KL","KL11",3,182
"1826","PV",2,4,"CA","CA4",1,88
"1827","PV",1,3,"RV","RV8",1,83
"1828","PV",1,3,"LA","LA5",1,106
"1829","PV",1,5,"SA","SA7",3,75
"1830","PV",1,3,"ZE","ZE6",1,90
"1831","PV",1,5,"RV","RV3",1,148
"1832","PV",3,4,"CC","CC7",1,204
"1833","PV",4,3,"LA","LA13",2,149
"1834","PV",3,5,"SA","SA5",4,180
"1835","PV",3,4,"SA","SA7",2,183
"1836","PV",1,4,"BL","BL1",1,236
"1837","PV",2,3,"DE","DE4",1,122
"1838","PV",2,5,"SA","SA5",3,128
"1839","PV",3,4,"CR","CR2",1,94
"1840","PV",3,4,"KM","KM10",1,128
"1841","PV",3,4,"HC","HC2",2,88
"1842","PV",4,5,"BC","BC3",2,160
"1843","PV",4,4,"KL","KL6",1,168
"1844","PV",3,4,"ZE","ZE1",4,127
"1845","PV",2,4,"OL","OL1",1,104
"1846","PV",2,4,"SN","SN4",2,162
"1847","PV",2,5,"PA","PA1",4,144
"1848","PV",2,4,"GA","GA2",1,152
"1849","PV",4,5,"BR","BR3",2,91
"1850","PV",4,5,"BR","BR7",1,124
"1851","PV",4,5,"BK","BK5",2,286
"1852","PV",4,5,"KL","KL12",2,211
"1853","PV",4,5,"BL","BL2",1,163
"1854","PV",4,4,"RV","RV3",3,151
"1855","PV",4,4,"CP","CP24",2,218
"1856","PV",4,4,"LA","LA13",1,150
"1857","PV",3,5,"GA","GA3",4,217
"1858","PV",3,4,"DE","DE6",1,149
"1859","PV",3,5,"WV","WV6",3,207
"1860","PV",2,4,"PA","PA3",2,177
"1861","PV",2,4,"AK","AK3",1,175
"1862","PV",2,5,"RV","RV3",1,101
"1863","PV",1,4,"LA","LA5",1,189
"1864","PV",1,5,"BL","BL3",2,91
"1865","PV",3,5,"DE","DE4",4,121
"1866","PV",4,5,"GA","GA2",1,107
"1867","PV",4,5,"GA","GA1",2,233
"1868","PV",2,5,"SA","SA7",1,265
"1869","PV",1,5,"GA","GA3",3,74
"1870","PV",1,5,"BK","BK3",1,137
"1871","PV",1,6,"SA","SA7",1,125
"1872","PV",1,4,"SA","SA8",1,139
"1873","PV",2,5,"AK","AK9",1,178
"1874","PV",3,5,"HC","HC1",2,176
"1875","PV",3,4,"PL","PL11",2,266
"1876","PV",3,5,"CR","CR2",1,139
"1877","PV",3,5,"CP","CP26",4,122
"1878","PV",4,5,"BL","BL1",1,223
"1879","PV",4,5,"BC","BC8",4,98
"1880","PV",4,5,"BA","BA3",2,61
"1881","PV",4,4,"AK","AK9",2,152
"1882","PV",3,4,"CC","CC2",1,169
"1883","PV",3,5,"RV","RV4",1,86
"1884","PV",3,5,"CR","CR4",2,109
"1885","PV",3,4,"LA","LA8",2,144
"1886","PV",2,4,"BA","BA5",1,103
"1887","PV",1,4,"BL","BL2",1,98
"1888","PV",2,4,"CC","CC7",1,249
"1889","PV",2,5,"BL","BL2",1,75
"1890","PV",2,5,"CC","CC4",2,195
"1891","PV",3,5,"CR","CR3",2,300
"1892","PV",4,5,"CY","CY6",3,58
"1893","PV",3,5,"BK","BK3",1,75
"1894","PV",3,5,"DE","DE6",2,153
"1895","PV",3,5,"PF","PF5",2,126
"1896","PV",2,4,"RV","RV8",4,109
"1897","PV",2,5,"OR","OR1",1,105
"1898","PV",2,5,"BK","BK2",1,174
"1899","PV",2,5,"BK","BK5",3,70
"1900","PV",1,4,"BK","BK2",1,205
"1901","PV",1,5,"LA","LA5",2,166
"1902","PV",2,5,"LA","LA13",1,133
"1903","PV",2,5,"CC","CC2",2,259
"1904","PV",2,5,"CY","CY6",1,148
"1905","PV",3,5,"CC","CC7",1,202
"1906","PV",3,5,"LA","LA8",1,117
"1907","PV",4,5,"RV","RV8",4,216
"1908","PV",4,5,"SA","SA7",1,174
"1909","PV",3,5,"CY","CY6",2,117
"1910","PV",3,5,"BL","BL1",1,233
"1911","PV",2,5,"LA","LA8",2,116
"1912","PV",1,5,"CC","CC4",1,85
"1913","PV",1,5,"SR","SR2",3,144
